{
    "Sample_number:": "1",
    "Resoning_Mode:": "credulous",
    "Context:": [
        "Atwood is not wide eyed.",
        "Atwood is responsible.",
        "Atwood regard Clayton.",
        "Atwood is not blue.",
        "Atwood is not worrisome.",
        "Atwood praise Clayton.",
        "Atwood is not scared.",
        "Atwood is weary.",
        "Atwood is shy.",
        "Atwood is not clumsy.",
        "Atwood is efficient.",
        "Atwood is embarrassed.",
        "Atwood is cruel.",
        "Atwood respect Clayton.",
        "Atwood is not known.",
        "Atwood is not honest.",
        "If someoneA is weary and he respect someoneB then he is spotless ,unless he is not fierce or he is noisy.",
        "If someoneA is efficient and spotless then he is not tiny,unless he is rich or he is suspicious.",
        "If someoneA praise someoneB then he is not tasty ,unless he is not obvious.",
        "If someoneA is embarrassed and not known then he is noisy ,unless he is spotless.",
        "If someoneA regard someoneB and someoneA is responsible then he is not super ,unless he is noisy or he is not blue.",
        "If someoneA is responsible and not scared then he is rich ,unless he is not tiny.",
        "If someoneA is shy and not blue then he is not fierce,unless he is dramatic or he is spotless.",
        "If someoneA is not wide eyed and not worrisome then he is not bad tempered,unless he is young or he is rich.",
        "If someoneA is not honest then he is lonely ,unless he is rich.",
        "If someoneA is not clumsy and cruel then he is suspicious ,unless he is not tiny."
    ],
    "NL_Origin_Question_Text:": "['Atwood is spotless.', 'Atwood is tiny.', 'Atwood is not super.']",
    "Huam_Question_Label_Lists:": [
        "T",
        "F",
        "M"
    ]
}
{
    "Sample_number:": "2",
    "Resoning_Mode:": "credulous",
    "Context:": [
        "Nathaniel is not bad tempered.",
        "Nathaniel is not stupid.",
        "Nathaniel does not regard Victor.",
        "Nathaniel does not scorn Victor.",
        "Nathaniel is not pessimistic.",
        "Nathaniel is foreign.",
        "Nathaniel is not enthusiastic.",
        "Nathaniel is not crystal.",
        "Nathaniel is important.",
        "Nathaniel is fierce.",
        "Nathaniel is efficient.",
        "Nathaniel is envious.",
        "Nathaniel is not brainy.",
        "Nathaniel is huge.",
        "Nathaniel is not different.",
        "Nathaniel is square.",
        "Nathaniel is handsome.",
        "If someoneA is square and fierce then he is wide eyed,unless he is bossy or he is not blue.",
        "If someoneA is foreign and not different then he is tasty ,unless he is pure.",
        "If someoneA is not enthusiastic and he does not scorn someoneB then he is not muddy ,unless he is nasty or he is not known.",
        "If someoneA is not bad tempered and he does not regard someoneB then he is not blue ,unless he is wide eyed.",
        "If someoneA is efficient then he is grieving,unless he is drab or he is not blue.",
        "If someoneA is not blue then he is lonely,unless he is not distinct or he is not scared.",
        "If someoneA is handsome and envious then he is nasty,unless he is not difficult or he is not muddy.",
        "If someoneA is not stupid and not pessimistic then he is not delicious ,unless he is not blue.",
        "If someoneA is not crystal and important then he is not grizzled ,unless he is not delicious.",
        "If someoneA is not brainy and huge then he is drab ,unless he is not grizzled."
    ],
    "NL_Origin_Question_Text:": "['Nathaniel is wide eyed.', 'Nathaniel is not tasty.', 'Nathaniel is not grieving.']",
    "Huam_Question_Label_Lists:": [
        "T",
        "F",
        "F"
    ]
}
{
    "Sample_number:": "3",
    "Resoning_Mode:": "credulous",
    "Context:": [
        "Carney is confused.",
        "Carney does not scorn Gabriela.",
        "Carney is not delicious.",
        "Carney is young.",
        "Carney is arrogant.",
        "Carney is sociable.",
        "Carney is distinct.",
        "Carney is shy.",
        "Carney is grizzled.",
        "Carney is different.",
        "Carney is not glamorous.",
        "Carney respect Gabriela.",
        "Carney is not wide eyed.",
        "Carney is modest.",
        "Carney is dramatic.",
        "If someoneA is not delicious and dramatic then he is not brainy ,unless he is not dim.",
        "If someoneA is not wide eyed then he is not efficient ,unless he is doubtful.",
        "If someoneA is modest then he is cruel,unless he is bad tempered or he is not envious.",
        "If someoneA is distinct and young then he is doubtful ,unless he is not efficient.",
        "If someoneA is different and shy then he is numerous ,unless he is doubtful.",
        "If someoneA does not scorn someoneB and someoneA is not glamorous then he is impatient ,unless he is numerous.",
        "If someoneA is confused then he is not fierce ,unless he is impatient.",
        "If someoneA is grizzled and arrogant then he is not proud ,unless he is not fierce.",
        "If someoneA is sociable then he is bad tempered,unless he is tiny or he is cruel.",
        "If someoneA respect someoneB and someoneA is impatient then he is bossy ,unless he is impatient."
    ],
    "NL_Origin_Question_Text:": "['Carney is not brainy.', 'Carney is efficient.', 'Carney is bossy.']",
    "Huam_Question_Label_Lists:": [
        "T",
        "F",
        "M"
    ]
}
{
    "Sample_number:": "4",
    "Resoning_Mode:": "credulous",
    "Context:": [
        "Bartholomew is not dull.",
        "Bartholomew is not colorful.",
        "Bartholomew does not regard Sebastian.",
        "Bartholomew is dim.",
        "Bartholomew is not confused.",
        "Bartholomew is not pessimistic.",
        "Bartholomew is alert.",
        "Bartholomew is fragile.",
        "Bartholomew is brainy.",
        "Bartholomew is not cheerful.",
        "Bartholomew is passionate.",
        "Bartholomew is not real.",
        "Bartholomew is enthusiastic.",
        "If someoneA is not colorful and passionate then he is not unlikely ,unless he is not delicious.",
        "If someoneA is alert then he is actual ,unless he is mysterious.",
        "If someoneA does not regard someoneB and someoneA is not dull then he is dramatic ,unless he is not patient.",
        "If someoneA is dim and enthusiastic then he is not delicious ,unless he is not unlikely.",
        "If someoneA is not unlikely then he is not dead ,unless he is not unlikely.",
        "If someoneA is not confused and not pessimistic then he is sensitive ,unless he is not delicious.",
        "If someoneA is not unlikely then he is not patient,unless he is dramatic or he is muddy.",
        "If someoneA is not cheerful then he is muddy,unless he is not patient or he is not blue.",
        "If someoneA is not unlikely and fragile then he is scared ,unless he is not huge.",
        "If someoneA is not real and brainy then he is shrill,unless he is sensitive or he is not nervous."
    ],
    "NL_Origin_Question_Text:": "['Bartholomew is unlikely.', 'Bartholomew is dramatic.', 'Bartholomew is dead.']",
    "Huam_Question_Label_Lists:": [
        "F",
        "T",
        "M"
    ]
}
{
    "Sample_number:": "5",
    "Resoning_Mode:": "credulous",
    "Context:": [
        "Milburn is fragile.",
        "Milburn is fancy.",
        "Milburn is not confused.",
        "Milburn is obvious.",
        "Milburn praise Blair.",
        "Milburn is not lonely.",
        "Milburn is not tiny.",
        "Milburn is kind.",
        "Milburn is fierce.",
        "Milburn is unusual.",
        "If someoneA is obvious and unusual then he is not lazy ,unless he is grizzled.",
        "If someoneA is not lazy then he is not grizzled ,unless he is dim.",
        "If someoneA praise someoneB then he is enthusiastic ,unless he is blue.",
        "If someoneA is not lonely and not confused then he is blue ,unless he is enthusiastic.",
        "If someoneA is kind then he is not clumsy ,unless he is enthusiastic.",
        "If someoneA is fancy and lazy then he is actual,unless he is not responsible or he is blue.",
        "If someoneA is fragile then he is wide eyed,unless he is not clumsy or he is not vast.",
        "If someoneA is fierce and not tiny then he is not financial ,unless he is not alive.",
        "If someoneA is not clumsy then he is dim ,unless he is not grizzled.",
        "If someoneA is not confused and enthusiastic then he is not responsible,unless he is actual or he is not fancy."
    ],
    "NL_Origin_Question_Text:": "['Milburn is lazy.', 'Milburn is not clumsy.', 'Milburn is not actual.']",
    "Huam_Question_Label_Lists:": [
        "F",
        "T",
        "M"
    ]
}
{
    "Sample_number:": "6",
    "Resoning_Mode:": "credulous",
    "Context:": [
        "Loretta is not stupid.",
        "Loretta is not financial.",
        "Loretta is responsible.",
        "Loretta is blue.",
        "Loretta scorn Troy.",
        "Loretta is not dramatic.",
        "Loretta is shy.",
        "Loretta is efficient.",
        "Loretta is envious.",
        "Loretta is suspicious.",
        "Loretta is tasty.",
        "Loretta is handsome.",
        "Loretta is not alive.",
        "If someoneA is blue then he is cheerful,unless he is dangerous or he is unlikely.",
        "If someoneA is responsible then he is not eager ,unless he is not nasty.",
        "If someoneA is suspicious and he scorn someoneB then he is dead ,unless he is not scared.",
        "If someoneA is tasty and not dramatic then he is not nasty ,unless he is not eager.",
        "If someoneA is not nasty and not alive then he is dangerous,unless he is different or he is cheerful.",
        "If someoneA is not financial and handsome then he is unlikely ,unless he is cheerful.",
        "If someoneA is efficient then he is difficult ,unless he is cheerful.",
        "If someoneA scorn someoneB and someoneA is envious then he is different ,unless he is not wide eyed or he is dangerous.",
        "If someoneA is shy and not stupid then he is important ,unless he is not eager.",
        "If someoneA is not dead then he is not distinct ,unless he is not eager."
    ],
    "NL_Origin_Question_Text:": "['Loretta is cheerful.', 'Loretta is eager.', 'Loretta is distinct.']",
    "Huam_Question_Label_Lists:": [
        "T",
        "F",
        "M"
    ]
}
{
    "Sample_number:": "7",
    "Resoning_Mode:": "credulous",
    "Context:": [
        "Kenneth spurn Craig.",
        "Kenneth is not dangerous.",
        "Kenneth is not colorful.",
        "Kenneth is fragile.",
        "Kenneth does not revere Craig.",
        "Kenneth praise Craig.",
        "Kenneth is not dim.",
        "Kenneth is not young.",
        "Kenneth is not sorry.",
        "Kenneth is cheerful.",
        "Kenneth is weary.",
        "Kenneth is not nervous.",
        "Kenneth is suspicious.",
        "Kenneth is not glamorous.",
        "Kenneth is not doubtful.",
        "If someoneA is not colorful and suspicious then he is efficient ,unless he is not eager.",
        "If someoneA is not nervous and he praise someoneB then he is not relieved ,unless he is filthy.",
        "If someoneA is efficient then he is not blue ,unless he is grieving.",
        "If someoneA is not sorry then he is grieving,unless he is pure or he is not blue.",
        "If someoneA is weary and not relieved then he is lonely,unless he is not blue or he is not modest.",
        "If someoneA is fragile and he spurn someoneB then he is not square ,unless he is distinct or he is not blue.",
        "If someoneA is not dim then he is pure,unless he is sensitive or he is grieving.",
        "If someoneA is not doubtful and he does not revere someoneB then he is distinct ,unless he is not square.",
        "If someoneA is not young and cheerful then he is poor,unless he is distinct or he is not vast.",
        "If someoneA is not dangerous and not glamorous then he is difficult,unless he is efficient or he is not square."
    ],
    "NL_Origin_Question_Text:": "['Kenneth is efficient.', 'Kenneth is relieved.', 'Kenneth is difficult.']",
    "Huam_Question_Label_Lists:": [
        "T",
        "F",
        "M"
    ]
}
{
    "Sample_number:": "8",
    "Resoning_Mode:": "credulous",
    "Context:": [
        "Quentin is not stupid.",
        "Quentin poke fun at Quenby.",
        "Quentin is brainy.",
        "Quentin is grieving.",
        "Quentin is not actual.",
        "Quentin is relieved.",
        "Quentin is worrisome.",
        "Quentin is kind.",
        "Quentin is super.",
        "Quentin is not real.",
        "Quentin is calm.",
        "Quentin is dull.",
        "Quentin is clean.",
        "If someoneA is clean and calm then he is not glamorous,unless he is not doubtful or he is not fragile.",
        "If someoneA is not glamorous then he is not poor ,unless he is capable.",
        "If someoneA is not actual and super then he is not different,unless he is different or he is not bitter.",
        "If someoneA is relieved then he is not bitter,unless he is not different or he is not tiny.",
        "If someoneA is not real and not stupid then he is not embarrassed ,unless he is not different.",
        "If someoneA is not glamorous then he is suspicious ,unless he is not nervous.",
        "If someoneA is worrisome and grieving then he is not numerous,unless he is not dim or he is not dramatic.",
        "If someoneA is brainy and not numerous then he is not nervous ,unless he is suspicious.",
        "If someoneA poke fun at someoneB and someoneA is clean then he is not fragile ,unless he is not nervous or he is not glamorous.",
        "If someoneA is dull and kind then he is not capable,unless he is not embarrassed or he is not enthusiastic."
    ],
    "NL_Origin_Question_Text:": "['Quentin is glamorous.', 'Quentin is suspicious.', 'Quentin is not fragile.']",
    "Huam_Question_Label_Lists:": [
        "T",
        "T",
        "M"
    ]
}
{
    "Sample_number:": "9",
    "Resoning_Mode:": "credulous",
    "Context:": [
        "Jeffrey is not fancy.",
        "Jeffrey is not capable.",
        "Jeffrey is grieving.",
        "Jeffrey is not tiny.",
        "Jeffrey is not foreign.",
        "Jeffrey is different.",
        "Jeffrey is clumsy.",
        "Jeffrey is not known.",
        "Jeffrey is poor.",
        "Jeffrey is not modest.",
        "Jeffrey is dramatic.",
        "Jeffrey is shrill.",
        "If someoneA is not capable and not fancy then he is not wide eyed ,unless he is not dull.",
        "If someoneA is poor and different then he is not worrisome,unless he is not super or he is not dangerous.",
        "If someoneA is dramatic and clumsy then he is important,unless he is relieved or he is not scared.",
        "If someoneA is not wide eyed then he is not super,unless he is not lonely or he is not worrisome.",
        "If someoneA is not tiny and grieving then he is not lonely,unless he is not square or he is not super.",
        "If someoneA is shrill then he is eager,unless he is bossy or he is obvious.",
        "If someoneA is not foreign and not lonely then he is not square ,unless he is not lonely.",
        "If someoneA is not known then he is not clean ,unless he is not super.",
        "If someoneA is not modest then he is relieved ,unless he is important.",
        "If someoneA is not fancy then he is not young ,unless he is not super."
    ],
    "NL_Origin_Question_Text:": "['Jeffrey is not wide eyed.', 'Jeffrey is worrisome.', 'Jeffrey is not square.']",
    "Huam_Question_Label_Lists:": [
        "T",
        "F",
        "M"
    ]
}
{
    "Sample_number:": "10",
    "Resoning_Mode:": "credulous",
    "Context:": [
        "Milburn is not calm.",
        "Milburn is not filthy.",
        "Milburn is spotless.",
        "Milburn is not worrisome.",
        "Milburn praise Laverne.",
        "Milburn is important.",
        "Milburn is weary.",
        "Milburn is not foreign.",
        "Milburn is bad tempered.",
        "Milburn is not sociable.",
        "Milburn is not different.",
        "Milburn is handsome.",
        "Milburn is real.",
        "If someoneA is not different then he is wide eyed ,unless he is intelligent.",
        "If someoneA is bad tempered then he is embarrassed ,unless he is cheerful.",
        "If someoneA is real then he is not enthusiastic ,unless he is fragile.",
        "If someoneA is not sociable and not filthy then he is intelligent ,unless he is wide eyed.",
        "If someoneA is not foreign and he praise someoneB then he is not nasty ,unless he is wide eyed.",
        "If someoneA is spotless and handsome then he is not vast ,unless he is wide eyed.",
        "If someoneA is not calm and modest then he is fragile,unless he is not enthusiastic or he is not handsome.",
        "If someoneA is not worrisome and important then he is modest,unless he is calm or he is intelligent.",
        "If someoneA is not nasty and not intelligent then he is not woolen,unless he is not bossy or he is cruel.",
        "If someoneA is weary and real then he is not efficient,unless he is not vast or he is stupid."
    ],
    "NL_Origin_Question_Text:": "['Milburn is wide eyed.', 'Milburn is nasty.', 'Milburn is not woolen.']",
    "Huam_Question_Label_Lists:": [
        "T",
        "F",
        "M"
    ]
}
{
    "Sample_number:": "11",
    "Resoning_Mode:": "credulous",
    "Context:": [
        "Kenneth is numerous.",
        "Kenneth is not alive.",
        "Kenneth is not filthy.",
        "Kenneth is pleasant.",
        "Kenneth does not scorn Alberta.",
        "Kenneth is lazy.",
        "Kenneth is scared.",
        "Kenneth is relieved.",
        "Kenneth is important.",
        "Kenneth is distinct.",
        "Kenneth is not brainy.",
        "Kenneth is not responsible.",
        "Kenneth is modest.",
        "Kenneth is bitter.",
        "If someoneA is scared and not responsible then he is not doubtful ,unless he is capable.",
        "If someoneA is not doubtful and distinct then he is not sociable ,unless he is not obvious.",
        "If someoneA is important and not brainy then he is actual ,unless he is stupid.",
        "If someoneA is modest and bitter then he is stupid,unless he is actual or he is unusual.",
        "If someoneA is numerous and not filthy then he is dramatic ,unless he is actual.",
        "If someoneA is actual then he is nervous ,unless he is actual.",
        "If someoneA is pleasant and cruel then he is not calm ,unless he is nervous.",
        "If someoneA is not alive and he does not scorn someoneB then he is not clean ,unless he is cruel.",
        "If someoneA is relieved and lazy then he is cruel,unless he is not clean or he is not financial.",
        "If someoneA is important then he is unusual ,unless he is stupid."
    ],
    "NL_Origin_Question_Text:": "['Kenneth is not doubtful.', 'Kenneth is sociable.', 'Kenneth is nervous.']",
    "Huam_Question_Label_Lists:": [
        "T",
        "F",
        "M"
    ]
}
{
    "Sample_number:": "12",
    "Resoning_Mode:": "credulous",
    "Context:": [
        "Oswald poke fun at Samuel.",
        "Oswald is not unlikely.",
        "Oswald is arrogant.",
        "Oswald is real.",
        "Oswald does not scoff Samuel.",
        "Oswald is not lonely.",
        "Oswald does not respect Samuel.",
        "Oswald is important.",
        "Oswald is not cheerful.",
        "Oswald is filthy.",
        "Oswald is embarrassed.",
        "Oswald is bad tempered.",
        "Oswald is not different.",
        "Oswald is not modest.",
        "If someoneA is not unlikely and filthy then he is fragile,unless he is suspicious or he is not eager.",
        "If someoneA is handsome and embarrassed then he is rich,unless he is not bossy or he is not poor.",
        "If someoneA is not lonely then he is fierce ,unless he is not delicious.",
        "If someoneA is not modest and he poke fun at someoneB then he is not delicious ,unless he is fierce.",
        "If someoneA is filthy and he does not scoff someoneB then he is handsome ,unless he is not delicious.",
        "If someoneA does not respect someoneB and someoneA is not cheerful then he is not brainy ,unless he is not delicious.",
        "If someoneA is fierce and not different then he is suspicious ,unless he is fragile.",
        "If someoneA is bad tempered and important then he is nervous,unless he is not clean or he is handsome.",
        "If someoneA is delicious and not brainy then he is not eager ,unless he is fragile.",
        "If someoneA is arrogant and real then he is sensitive,unless he is not relieved or he is not eager."
    ],
    "NL_Origin_Question_Text:": "['Oswald is fragile.', 'Oswald is not handsome.', 'Oswald is eager.']",
    "Huam_Question_Label_Lists:": [
        "T",
        "F",
        "M"
    ]
}
{
    "Sample_number:": "13",
    "Resoning_Mode:": "credulous",
    "Context:": [
        "Blair is woolen.",
        "Blair is unlikely.",
        "Blair does not poke fun at Sinclair.",
        "Blair is sorry.",
        "Blair is pleasant.",
        "Blair is not intelligent.",
        "Blair is not actual.",
        "Blair is not numerous.",
        "Blair does not respect Sinclair.",
        "Blair is pregnant.",
        "Blair is not muddy.",
        "Blair is not bitter.",
        "Blair is not shy.",
        "Blair is clean.",
        "If someoneA does not poke fun at someoneB then he is not spotless,unless he is pure or he is not shrill.",
        "If someoneA is not actual and not muddy then he is not sociable,unless he is not pregnant or he is not pessimistic.",
        "If someoneA is pleasant and pregnant then he is not grieving,unless he is kind or he is important.",
        "If someoneA is sorry then he is kind,unless he is not fancy or he is not grieving.",
        "If someoneA is clean and not shy then he is important ,unless he is not grieving.",
        "If someoneA is not spotless then he is nasty ,unless he is important.",
        "If someoneA is not sociable and unlikely then he is not patient ,unless he is nasty.",
        "If someoneA is not numerous then he is not noisy,unless he is not passionate or he is not sociable.",
        "If someoneA is not intelligent and not bitter then he is not passionate ,unless he is not noisy.",
        "If someoneA is woolen and he does not respect someoneB then he is not embarrassed ,unless he is weary or he is bossy."
    ],
    "NL_Origin_Question_Text:": "['Blair is spotless.', 'Blair is not sociable.', 'Blair is not noisy.']",
    "Huam_Question_Label_Lists:": [
        "F",
        "T",
        "M"
    ]
}
{
    "Sample_number:": "14",
    "Resoning_Mode:": "credulous",
    "Context:": [
        "Gavin is not financial.",
        "Gavin is not inexpensive.",
        "Gavin is not sensitive.",
        "Gavin is relieved.",
        "Gavin is not dim.",
        "Gavin is not dramatic.",
        "Gavin is not lonely.",
        "Gavin is modest.",
        "Gavin is not poor.",
        "Gavin is not suspicious.",
        "Gavin is proud.",
        "Gavin is crystal.",
        "Gavin is cruel.",
        "Gavin is calm.",
        "Gavin is not lazy.",
        "Gavin is not pregnant.",
        "Gavin is rich.",
        "If someoneA is rich and cruel then he is square,unless he is spotless or he is not tiny.",
        "If someoneA is not dim then he is spotless,unless he is eager or he is not clumsy.",
        "If someoneA is not pregnant and calm then he is not known ,unless he is enthusiastic.",
        "If someoneA is not poor and not inexpensive then he is enthusiastic ,unless he is not known.",
        "If someoneA is relieved and proud then he is not blue,unless he is not known or he is tiny.",
        "If someoneA is not lazy then he is different,unless he is grizzled or he is suspicious.",
        "If someoneA is not dramatic then he is not tiny,unless he is square or he is delicious.",
        "If someoneA is not financial and modest then he is not doubtful ,unless he is not actual.",
        "If someoneA is not suspicious and crystal then he is not real ,unless he is not known.",
        "If someoneA is not lonely and not sensitive then he is not tasty,unless he is not different or he is not real."
    ],
    "NL_Origin_Question_Text:": "['Gavin is square.', 'Gavin is not spotless.', 'Gavin is not known.']",
    "Huam_Question_Label_Lists:": [
        "T",
        "F",
        "M"
    ]
}
{
    "Sample_number:": "15",
    "Resoning_Mode:": "credulous",
    "Context:": [
        "Romeo is not dangerous.",
        "Romeo is not noisy.",
        "Romeo is not tasty.",
        "Romeo is tiny.",
        "Romeo is not lonely.",
        "Romeo is distinct.",
        "Romeo scoff Bartholomew.",
        "Romeo is not real.",
        "Romeo is not pregnant.",
        "Romeo is capable.",
        "Romeo is not huge.",
        "Romeo is clean.",
        "If someoneA is not huge and fierce then he is responsible ,unless he is not sensitive.",
        "If someoneA is not noisy and tiny then he is fierce,unless he is not pleasant or he is kind.",
        "If someoneA is fierce then he is not dead,unless he is mysterious or he is envious.",
        "If someoneA is not dead then he is envious ,unless he is not dead.",
        "If someoneA is distinct and not tasty then he is not cruel,unless he is not fragile or he is not shrill.",
        "If someoneA scoff someoneB and someoneA is kind then he is not pleasant ,unless he is fierce.",
        "If someoneA is not real and clean then he is pessimistic ,unless he is envious.",
        "If someoneA is not pleasant then he is mysterious,unless he is not dead or he is not pure.",
        "If someoneA is not pregnant and not dangerous then he is brainy ,unless he is envious.",
        "If someoneA is capable and not lonely then he is kind ,unless he is fierce."
    ],
    "NL_Origin_Question_Text:": "['Romeo is responsible.', 'Romeo is not fierce.', 'Romeo is envious.']",
    "Huam_Question_Label_Lists:": [
        "T",
        "F",
        "M"
    ]
}
{
    "Sample_number:": "16",
    "Resoning_Mode:": "credulous",
    "Context:": [
        "Ivan is sorry.",
        "Ivan is confused.",
        "Ivan is grieving.",
        "Ivan is real.",
        "Ivan is tiny.",
        "Ivan is not dramatic.",
        "Ivan is not impatient.",
        "Ivan is alive.",
        "Ivan is not cheerful.",
        "Ivan is pregnant.",
        "Ivan is not muddy.",
        "Ivan is colorful.",
        "Ivan is unusual.",
        "If someoneA is not impatient and sorry then he is shy,unless he is not dead or he is not pleasant.",
        "If someoneA is not dramatic then he is dull,unless he is not suspicious or he is not foreign.",
        "If someoneA is pregnant and alive then he is not different ,unless he is actual.",
        "If someoneA is tiny then he is not suspicious ,unless he is dull.",
        "If someoneA is not muddy then he is actual,unless he is not different or he is tasty.",
        "If someoneA is confused and colorful then he is not pleasant,unless he is shy or he is pregnant.",
        "If someoneA is grieving and not cheerful then he is not dangerous,unless he is young or he is gorgeous.",
        "If someoneA is unusual and colorful then he is not foreign,unless he is dull or he is not sociable.",
        "If someoneA is real and not foreign then he is not obvious ,unless he is not different.",
        "If someoneA is not dangerous and not foreign then he is not blue ,unless he is not different."
    ],
    "NL_Origin_Question_Text:": "['Ivan is not shy.', 'Ivan is dull.', 'Ivan is not pleasant.']",
    "Huam_Question_Label_Lists:": [
        "F",
        "T",
        "M"
    ]
}
{
    "Sample_number:": "17",
    "Resoning_Mode:": "credulous",
    "Context:": [
        "Rhett spurn Lucas.",
        "Rhett is not nasty.",
        "Rhett ridicule Lucas.",
        "Rhett is not unlikely.",
        "Rhett is not capable.",
        "Rhett is not pure.",
        "Rhett is not crystal.",
        "Rhett is not important.",
        "Rhett is not dim.",
        "Rhett is not lonely.",
        "Rhett is shy.",
        "Rhett is not pleasant.",
        "Rhett is proud.",
        "Rhett is glamorous.",
        "Rhett is enthusiastic.",
        "Rhett is modest.",
        "Rhett is not alive.",
        "If someoneA spurn someoneB then he is not woolen ,unless he is confused.",
        "If someoneA is not lonely and not alive then he is different,unless he is not tiny or he is enthusiastic.",
        "If someoneA is not pleasant and he ridicule someoneB then he is intelligent ,unless he is dramatic or he is cruel.",
        "If someoneA is not capable and not pure then he is dramatic ,unless he is intelligent.",
        "If someoneA is not pure and not crystal then he is confused,unless he is not woolen or he is not impatient.",
        "If someoneA is modest and not nasty then he is not impatient ,unless he is confused.",
        "If someoneA is shy then he is not tiny ,unless he is different.",
        "If someoneA is not unlikely and not important then he is bitter ,unless he is not impatient.",
        "If someoneA is proud and not dim then he is not cheerful ,unless he is bitter.",
        "If someoneA is glamorous and enthusiastic then he is not muddy,unless he is not doubtful or he is not woolen."
    ],
    "NL_Origin_Question_Text:": "['Rhett is woolen.', 'Rhett is not different.', 'Rhett is intelligent.']",
    "Huam_Question_Label_Lists:": [
        "F",
        "M",
        "T"
    ]
}
{
    "Sample_number:": "18",
    "Resoning_Mode:": "credulous",
    "Context:": [
        "Troy poke fun at Alden.",
        "Troy ridicule Alden.",
        "Troy is not financial.",
        "Troy is young.",
        "Troy is not inexpensive.",
        "Troy is drab.",
        "Troy is not huge.",
        "Troy is relieved.",
        "Troy is not sensitive.",
        "Troy is not impatient.",
        "Troy does not respect Alden.",
        "Troy is not fierce.",
        "Troy is not fragile.",
        "Troy is suspicious.",
        "Troy is not known.",
        "If someoneA ridicule someoneB then he is clean ,unless he is fierce.",
        "If someoneA is not fragile and young then he is not glamorous,unless he is not passionate or he is not cheerful.",
        "If someoneA is not financial and drab then he is not arrogant,unless he is not grizzled or he is bad tempered.",
        "If someoneA is suspicious then he is not grizzled ,unless he is not arrogant.",
        "If someoneA is not inexpensive and not known then he is bad tempered ,unless he is not arrogant.",
        "If someoneA is not impatient and he poke fun at someoneB then he is not cheerful ,unless he is not glamorous.",
        "If someoneA is not huge and relieved then he is kind,unless he is not distinct or he is not vast.",
        "If someoneA is not cheerful and arrogant then he is pregnant ,unless he is square.",
        "If someoneA does not respect someoneB and someoneA is not fierce then he is not woolen ,unless he is lonely or he is envious.",
        "If someoneA is not sensitive then he is mysterious ,unless he is bad tempered."
    ],
    "NL_Origin_Question_Text:": "['Troy is clean.', 'Troy is arrogant.', 'Troy is pregnant.']",
    "Huam_Question_Label_Lists:": [
        "T",
        "F",
        "M"
    ]
}
{
    "Sample_number:": "19",
    "Resoning_Mode:": "credulous",
    "Context:": [
        "Romeo is numerous.",
        "Romeo is not weary.",
        "Romeo is not noisy.",
        "Romeo is not handsome.",
        "Romeo is not young.",
        "Romeo is not lonely.",
        "Romeo is kind.",
        "Romeo respect Milburn.",
        "Romeo is not brainy.",
        "Romeo is not difficult.",
        "Romeo is embarrassed.",
        "Romeo is not different.",
        "If someoneA is not handsome then he is intelligent ,unless he is eager.",
        "If someoneA is not difficult and not different then he is eager,unless he is relieved or he is woolen.",
        "If someoneA is not weary and numerous then he is dull ,unless he is not enthusiastic.",
        "If someoneA is not brainy and he respect someoneB then he is relieved ,unless he is eager or he is not gorgeous.",
        "If someoneA is eager then he is woolen ,unless he is eager.",
        "If someoneA is eager then he is not gorgeous ,unless he is relieved.",
        "If someoneA is kind and not lonely then he is not enthusiastic ,unless he is dull.",
        "If someoneA is dull and he respect someoneB then he is not arrogant ,unless he is not gorgeous.",
        "If someoneA is embarrassed and not young then he is efficient,unless he is eager or he is not dangerous.",
        "If someoneA is not noisy then he is pleasant ,unless he is not gorgeous."
    ],
    "NL_Origin_Question_Text:": "['Romeo is intelligent.', 'Romeo is not dull.', 'Romeo is not woolen.']",
    "Huam_Question_Label_Lists:": [
        "T",
        "F",
        "M"
    ]
}
{
    "Sample_number:": "20",
    "Resoning_Mode:": "credulous",
    "Context:": [
        "Clyde is not calm.",
        "Clyde is lazy.",
        "Clyde is fierce.",
        "Clyde is not bad tempered.",
        "Clyde is woolen.",
        "Clyde is not kind.",
        "Clyde ridicule Carney.",
        "Clyde is obvious.",
        "Clyde is not mysterious.",
        "Clyde is not square.",
        "Clyde is alive.",
        "Clyde is not brainy.",
        "Clyde is not different.",
        "Clyde is not pregnant.",
        "Clyde is dramatic.",
        "Clyde does not revere Carney.",
        "Clyde regard Carney.",
        "If someoneA is obvious and not brainy then he is not financial,unless he is delicious or he is pure.",
        "If someoneA is not financial and not mysterious then he is not unusual,unless he is confused or he is pure.",
        "If someoneA is not calm and lazy then he is alert,unless he is not capable or he is not grieving.",
        "If someoneA regard someoneB and someoneA is not bad tempered then he is difficult ,unless he is pleasant.",
        "If someoneA is not square and not kind then he is confused ,unless he is not unusual.",
        "If someoneA does not revere someoneB and someoneA is not different then he is grieving ,unless he is confused or he is not alert.",
        "If someoneA is fierce and woolen then he is not lonely ,unless he is grieving.",
        "If someoneA ridicule someoneB then he is not sorry,unless he is not distinct or he is not lonely.",
        "If someoneA is alive and not pregnant then he is not sociable ,unless he is brainy.",
        "If someoneA is not confused and dramatic then he is pure,unless he is not unusual or he is not delicious."
    ],
    "NL_Origin_Question_Text:": "['Clyde is not financial.', 'Clyde is not difficult.', 'Clyde is not pure.']",
    "Huam_Question_Label_Lists:": [
        "T",
        "F",
        "M"
    ]
}
{
    "Sample_number:": "21",
    "Resoning_Mode:": "credulous",
    "Context:": [
        "Arnold is not noisy.",
        "Arnold is not filthy.",
        "Arnold is not rich.",
        "Arnold is not handsome.",
        "Arnold is not unlikely.",
        "Arnold is not pleasant.",
        "Arnold is known.",
        "Arnold is not clean.",
        "Arnold is not cruel.",
        "Arnold is not alert.",
        "Arnold is not sociable.",
        "Arnold is not honest.",
        "If someoneA is not honest and not pleasant then he is nasty,unless he is alert or he is not real.",
        "If someoneA is nasty and not handsome then he is worrisome ,unless he is not stupid.",
        "If someoneA is not clean and not cruel then he is not relieved,unless he is not dull or he is scared.",
        "If someoneA is not noisy and nasty then he is not stupid,unless he is worrisome or he is not drab.",
        "If someoneA is not stupid then he is not dull,unless he is mysterious or he is not relieved.",
        "If someoneA is not filthy then he is scared,unless he is fancy or he is not relieved.",
        "If someoneA is worrisome and not rich then he is not dangerous ,unless he is worrisome.",
        "If someoneA is not sociable and not unlikely then he is not crystal,unless he is not relieved or he is clean.",
        "If someoneA is not alert and not dull then he is pure ,unless he is handsome.",
        "If someoneA is known and not clean then he is not envious,unless he is not grizzled or he is not crystal."
    ],
    "NL_Origin_Question_Text:": "['Arnold is nasty.', 'Arnold is relieved.', 'Arnold is not dangerous.']",
    "Huam_Question_Label_Lists:": [
        "T",
        "F",
        "M"
    ]
}
{
    "Sample_number:": "22",
    "Resoning_Mode:": "credulous",
    "Context:": [
        "Atwater is not bad tempered.",
        "Atwater is delicious.",
        "Atwater is intelligent.",
        "Atwater is woolen.",
        "Atwater is wide eyed.",
        "Atwater is not confused.",
        "Atwater is noisy.",
        "Atwater is not proud.",
        "Atwater is weary.",
        "Atwater is passionate.",
        "Atwater is different.",
        "Atwater is cruel.",
        "Atwater is not brainy.",
        "Atwater is difficult.",
        "Atwater is not honest.",
        "If someoneA is passionate and different then he is efficient,unless he is dull or he is fancy.",
        "If someoneA is delicious and wide eyed then he is envious,unless he is nervous or he is kind.",
        "If someoneA is not bad tempered and cruel then he is not glamorous ,unless he is embarrassed.",
        "If someoneA is efficient then he is shrill ,unless he is doubtful.",
        "If someoneA is shrill and difficult then he is dull ,unless he is efficient.",
        "If someoneA is intelligent and not confused then he is fancy,unless he is efficient or he is not square.",
        "If someoneA is not dull and noisy then he is doubtful ,unless he is shrill.",
        "If someoneA is not proud and weary then he is not sensitive,unless he is clean or he is not stupid.",
        "If someoneA is not honest and woolen then he is not square ,unless he is fancy.",
        "If someoneA is not brainy then he is not clean ,unless he is efficient."
    ],
    "NL_Origin_Question_Text:": "['Atwater is efficient.', 'Atwater is dull.', 'Atwater is doubtful.']",
    "Huam_Question_Label_Lists:": [
        "T",
        "M",
        "M"
    ]
}
{
    "Sample_number:": "23",
    "Resoning_Mode:": "credulous",
    "Context:": [
        "Quentin is not noisy.",
        "Quentin is wide eyed.",
        "Quentin is not embarrassed.",
        "Quentin is eager.",
        "Quentin is cheerful.",
        "Quentin is blue.",
        "Quentin is important.",
        "Quentin is worrisome.",
        "Quentin is not shy.",
        "Quentin is dull.",
        "Quentin is not fragile.",
        "Quentin is not muddy.",
        "Quentin is not difficult.",
        "Quentin is poor.",
        "Quentin is bitter.",
        "If someoneA is not difficult and poor then he is numerous ,unless he is not woolen.",
        "If someoneA is eager and bitter then he is drab ,unless he is not glamorous.",
        "If someoneA is cheerful then he is not lazy ,unless he is embarrassed.",
        "If someoneA is not fragile and numerous then he is not foreign,unless he is not actual or he is dramatic.",
        "If someoneA is important then he is not glamorous,unless he is not blue or he is drab.",
        "If someoneA is dull and blue then he is not proud ,unless he is super.",
        "If someoneA is drab and not noisy then he is woolen ,unless he is not glamorous.",
        "If someoneA is not shy and worrisome then he is not alert,unless he is filthy or he is drab.",
        "If someoneA is not embarrassed and wide eyed then he is enthusiastic,unless he is modest or he is unlikely.",
        "If someoneA is not woolen and not muddy then he is unlikely,unless he is alive or he is enthusiastic."
    ],
    "NL_Origin_Question_Text:": "['Quentin is numerous.', 'Quentin is not drab.', 'Quentin is not unlikely.']",
    "Huam_Question_Label_Lists:": [
        "T",
        "F",
        "M"
    ]
}
{
    "Sample_number:": "24",
    "Resoning_Mode:": "credulous",
    "Context:": [
        "Hal is not calm.",
        "Hal is not noisy.",
        "Hal is not handsome.",
        "Hal is alert.",
        "Hal regard Clayton.",
        "Hal is not bossy.",
        "Hal is obvious.",
        "Hal is not impatient.",
        "Hal is not numerous.",
        "Hal scoff Clayton.",
        "Hal is not spotless.",
        "Hal is not cheerful.",
        "Hal is not lazy.",
        "If someoneA is not spotless then he is not crystal ,unless he is not financial.",
        "If someoneA scoff someoneB and someoneA is not handsome then he is arrogant ,unless he is gorgeous.",
        "If someoneA is not lazy then he is not distinct ,unless he is not delicious.",
        "If someoneA is not impatient then he is not financial,unless he is not crystal or he is colorful.",
        "If someoneA is arrogant and alert then he is colorful,unless he is huge or he is not financial.",
        "If someoneA is colorful and he regard someoneB then he is not worrisome ,unless he is not financial.",
        "If someoneA is crystal and not calm then he is gorgeous ,unless he is arrogant.",
        "If someoneA is not numerous and not cheerful then he is unusual,unless he is gorgeous or he is important.",
        "If someoneA is not noisy and not bossy then he is huge ,unless he is colorful.",
        "If someoneA is obvious then he is patient ,unless he is colorful."
    ],
    "NL_Origin_Question_Text:": "['Hal is not crystal.', 'Hal is distinct.', 'Hal is not gorgeous.']",
    "Huam_Question_Label_Lists:": [
        "T",
        "F",
        "M"
    ]
}
{
    "Sample_number:": "25",
    "Resoning_Mode:": "credulous",
    "Context:": [
        "Magnus is not shrill.",
        "Magnus is patient.",
        "Magnus is not embarrassed.",
        "Magnus is grieving.",
        "Magnus is not actual.",
        "Magnus is foreign.",
        "Magnus is honest.",
        "Magnus is relieved.",
        "Magnus is not lonely.",
        "Magnus is bossy.",
        "Magnus is kind.",
        "Magnus is enthusiastic.",
        "If someoneA is grieving and not actual then he is colorful,unless he is not pure or he is filthy.",
        "If someoneA is not embarrassed then he is not dim,unless he is not dull or he is dead.",
        "If someoneA is colorful then he is clumsy,unless he is not tiny or he is inexpensive.",
        "If someoneA is not dim then he is inexpensive,unless he is clumsy or he is actual.",
        "If someoneA is kind then he is not pure ,unless he is colorful.",
        "If someoneA is not lonely and foreign then he is not tiny ,unless he is clumsy.",
        "If someoneA is honest and bossy then he is difficult ,unless he is not pure.",
        "If someoneA is patient and relieved then he is not muddy ,unless he is difficult.",
        "If someoneA is enthusiastic and colorful then he is not fierce ,unless he is inexpensive.",
        "If someoneA is not dim and not shrill then he is dead ,unless he is not dim."
    ],
    "NL_Origin_Question_Text:": "['Magnus is not colorful.', 'Magnus is inexpensive.', 'Magnus is dead.']",
    "Ham_Question_Label_Lists:": [
        "F",
        "T",
        "M"
    ]
}
{
    "Sample_number:": "26",
    "Resoning_Mode:": "credulous",
    "Context:": [
        "Janessa is not grieving.",
        "Janessa is not confused.",
        "Janessa does not spurn Landon.",
        "Janessa is not handsome.",
        "Janessa is honest.",
        "Janessa is not enthusiastic.",
        "Janessa is crystal.",
        "Janessa is grizzled.",
        "Janessa is not fierce.",
        "Janessa is doubtful.",
        "Janessa is super.",
        "Janessa is not real.",
        "Janessa is not nervous.",
        "Janessa is not drab.",
        "If someoneA is not grieving and not drab then he is not foreign ,unless he is not cruel.",
        "If someoneA is doubtful and not confused then he is woolen ,unless he is not shy.",
        "If someoneA is not fierce then he is numerous ,unless he is bad tempered.",
        "If someoneA is not nervous and woolen then he is not cruel,unless he is not foreign or he is not obvious.",
        "If someoneA is not real and crystal then he is not obvious ,unless he is not cruel.",
        "If someoneA is super then he is not shy,unless he is not pure or he is woolen.",
        "If someoneA is not confused and he does not spurn someoneB then he is dangerous ,unless he is not cruel.",
        "If someoneA is not handsome and not pure then he is not bad tempered ,unless he is not calm.",
        "If someoneA is honest then he is difficult ,unless he is numerous.",
        "If someoneA is grizzled and not enthusiastic then he is not pure,unless he is not shy or he is not arrogant."
    ],
    "NL_Origin_Question_Text:": "['Janessa is not foreign.', 'Janessa is not numerous.', 'Janessa is not difficult.']",
    "Huam_Question_Label_Lists:": [
        "T",
        "F",
        "M"
    ]
}
{
    "Sample_number:": "27",
    "Resoning_Mode:": "credulous",
    "Context:": [
        "Oswald is not unlikely.",
        "Oswald is pessimistic.",
        "Oswald is fancy.",
        "Oswald is not grizzled.",
        "Oswald is young.",
        "Oswald is spotless.",
        "Oswald is mysterious.",
        "Oswald is dangerous.",
        "Oswald is clumsy.",
        "Oswald is not glamorous.",
        "Oswald is arrogant.",
        "Oswald is not efficient.",
        "Oswald is modest.",
        "If someoneA is fancy then he is vast ,unless he is cheerful.",
        "If someoneA is modest and not efficient then he is not scared ,unless he is distinct.",
        "If someoneA is dangerous and pessimistic then he is difficult,unless he is not arrogant or he is different.",
        "If someoneA is clumsy and spotless then he is cheerful,unless he is capable or he is vast.",
        "If someoneA is arrogant then he is capable,unless he is confused or he is cheerful.",
        "If someoneA is cheerful and not worrisome then he is embarrassed ,unless he is vast.",
        "If someoneA is not unlikely and cheerful then he is confused ,unless he is capable.",
        "If someoneA is mysterious and not grizzled then he is not sorry ,unless he is vast.",
        "If someoneA is not sorry then he is distinct ,unless he is not scared.",
        "If someoneA is young and not glamorous then he is not worrisome ,unless he is confused."
    ],
    "NL_Origin_Question_Text:": "['Oswald is not vast.', 'Oswald is not scared.', 'Oswald is not embarrassed.']",
    "Huam_Question_Label_Lists:": [
        "F",
        "T",
        "M"
    ]
}
{
    "Sample_number:": "28",
    "Resoning_Mode:": "credulous",
    "Context:": [
        "Grover is sorry.",
        "Grover is not pessimistic.",
        "Grover is nervous.",
        "Grover is not gorgeous.",
        "Grover is worrisome.",
        "Grover does not praise Daisy.",
        "Grover is super.",
        "Grover is pregnant.",
        "Grover is clumsy.",
        "Grover is calm.",
        "Grover is efficient.",
        "Grover is not relieved.",
        "If someoneA is not pessimistic then he is not fancy,unless he is not financial or he is dramatic.",
        "If someoneA is nervous then he is proud ,unless he is clumsy.",
        "If someoneA is calm and worrisome then he is rich ,unless he is not doubtful.",
        "If someoneA is not relieved and super then he is capable,unless he is not distinct or he is not handsome.",
        "If someoneA is pregnant then he is not distinct,unless he is capable or he is muddy.",
        "If someoneA is rich then he is dramatic ,unless he is not fancy.",
        "If someoneA is clumsy and he does not praise someoneB then he is muddy ,unless he is not impatient or he is not distinct.",
        "If someoneA is not relieved and not gorgeous then he is not known ,unless he is dramatic.",
        "If someoneA is not known and efficient then he is not handsome,unless he is not muddy or he is capable.",
        "If someoneA is sorry and not known then he is not dangerous ,unless he is not handsome."
    ],
    "NL_Origin_Question_Text:": "['Grover is fancy.', 'Grover is not proud.', 'Grover is rich.']",
    "Huam_Question_Label_Lists:": [
        "F",
        "M",
        "T"
    ]
}
{
    "Sample_number:": "29",
    "Resoning_Mode:": "credulous",
    "Context:": [
        "Landry is not intelligent.",
        "Landry is not noisy.",
        "Landry is not vast.",
        "Landry does not spurn Malcolm.",
        "Landry is not handsome.",
        "Landry is not bossy.",
        "Landry is blue.",
        "Landry is financial.",
        "Landry is worrisome.",
        "Landry is important.",
        "Landry is alive.",
        "Landry is not nervous.",
        "Landry is not bitter.",
        "Landry is stupid.",
        "If someoneA does not spurn someoneB and someoneA is stupid then he is obvious ,unless he is unlikely.",
        "If someoneA is financial and alive then he is proud ,unless he is sociable.",
        "If someoneA is not bossy and not noisy then he is not muddy ,unless he is not handsome.",
        "If someoneA is not handsome and blue then he is sociable,unless he is proud or he is efficient.",
        "If someoneA is not bossy and worrisome then he is unlikely,unless he is obvious or he is not mysterious.",
        "If someoneA is not nervous then he is efficient ,unless he is obvious.",
        "If someoneA is not vast and not intelligent then he is not mysterious,unless he is fragile or he is unlikely.",
        "If someoneA is important then he is fragile,unless he is not mysterious or he is relieved.",
        "If someoneA is not mysterious and sociable then he is not glamorous ,unless he is weary.",
        "If someoneA is not bitter then he is not tiny,unless he is sociable or he is not envious."
    ],
    "NL_Origin_Question_Text:": "['Landry is not obvious.', 'Landry is muddy.', 'Landry is not mysterious.']",
    "Huam_Question_Label_Lists:": [
        "F",
        "M",
        "T"
    ]
}
{
    "Sample_number:": "30",
    "Resoning_Mode:": "credulous",
    "Context:": [
        "Jaime is brainy.",
        "Jaime is not unlikely.",
        "Jaime is patient.",
        "Jaime is not pure.",
        "Jaime is not enthusiastic.",
        "Jaime is blue.",
        "Jaime is relieved.",
        "Jaime is worrisome.",
        "Jaime is envious.",
        "Jaime is not woolen.",
        "Jaime is arrogant.",
        "Jaime is not doubtful.",
        "Jaime is handsome.",
        "If someoneA is handsome then he is bitter ,unless he is not lazy.",
        "If someoneA is worrisome and inexpensive then he is not muddy,unless he is bitter or he is not fragile.",
        "If someoneA is arrogant and not pure then he is sociable,unless he is unlikely or he is not responsible.",
        "If someoneA is patient then he is not lazy,unless he is kind or he is bitter.",
        "If someoneA is relieved and not woolen then he is kind ,unless he is not lazy.",
        "If someoneA is not unlikely then he is nervous,unless he is weary or he is bitter.",
        "If someoneA is not enthusiastic and nervous then he is not fragile ,unless he is not muddy.",
        "If someoneA is envious and blue then he is not pregnant ,unless he is not fragile.",
        "If someoneA is not doubtful and not lazy then he is inexpensive ,unless he is not muddy.",
        "If someoneA is brainy then he is not cheerful,unless he is dramatic or he is not shy."
    ],
    "NL_Origin_Question_Text:": "['Jaime is not bitter.', 'Jaime is not muddy.', 'Jaime is sociable.']",
    "Ham_Question_Label_Lists:": [
        "F",
        "M",
        "T"
    ]
}
{
    "Sample_number:": "31",
    "Resoning_Mode:": "credulous",
    "Context:": [
        "Victor is woolen.",
        "Victor spurn Arnold.",
        "Victor does not poke fun at Arnold.",
        "Victor is dead.",
        "Victor is pessimistic.",
        "Victor scorn Arnold.",
        "Victor is shy.",
        "Victor is not tiny.",
        "Victor does not ridicule Arnold.",
        "Victor is clumsy.",
        "Victor is colorful.",
        "Victor is impatient.",
        "If someoneA is not tiny then he is alive ,unless he is not drab.",
        "If someoneA is pessimistic and woolen then he is important ,unless he is fancy.",
        "If someoneA is impatient then he is responsible ,unless he is not obvious.",
        "If someoneA is alive and he does not poke fun at someoneB then he is fancy ,unless he is important or he is not woolen.",
        "If someoneA spurn someoneB and someoneA is shy then he is not obvious ,unless he is responsible.",
        "If someoneA is not obvious and clumsy then he is not embarrassed,unless he is important or he is not numerous.",
        "If someoneA is colorful then he is not numerous ,unless he is not embarrassed.",
        "If someoneA is dead and he does not ridicule someoneB then he is not huge ,unless he is not numerous.",
        "If someoneA scorn someoneB and someoneA is not alive then he is actual ,unless he is not gorgeous or he is not huge.",
        "If someoneA is fancy then he is passionate,unless he is pleasant or he is confused."
    ],
    "NL_Origin_Question_Text:": "['Victor is alive.', 'Victor is not important.', 'Victor is actual.']",
    "Huam_Question_Label_Lists:": [
        "T",
        "F",
        "M"
    ]
}
{
    "Sample_number:": "32",
    "Resoning_Mode:": "credulous",
    "Context:": [
        "Skyla is not dangerous.",
        "Skyla is not unlikely.",
        "Skyla is confused.",
        "Skyla is wide eyed.",
        "Skyla ridicule Blair.",
        "Skyla does not revere Blair.",
        "Skyla is filthy.",
        "Skyla is different.",
        "Skyla is not known.",
        "Skyla is not honest.",
        "If someoneA is wide eyed then he is not rich ,unless he is unusual.",
        "If someoneA is filthy and not known then he is important,unless he is not doubtful or he is not responsible.",
        "If someoneA is not rich then he is eager,unless he is not difficult or he is not calm.",
        "If someoneA is eager and different then he is not responsible,unless he is not sorry or he is important.",
        "If someoneA is confused and not dangerous then he is not difficult,unless he is eager or he is not actual.",
        "If someoneA is not responsible and not known then he is not calm,unless he is not kind or he is eager.",
        "If someoneA is not honest then he is not doubtful ,unless he is important.",
        "If someoneA is not unlikely and eager then he is not actual ,unless he is not difficult.",
        "If someoneA ridicule someoneB then he is not sorry ,unless he is not responsible.",
        "If someoneA does not revere someoneB and someoneA is different then he is not intelligent ,unless he is not difficult."
    ],
    "NL_Origin_Question_Text:": "['Skyla is rich.', 'Skyla is important.', 'Skyla is calm.']",
    "Huam_Question_Label_Lists:": [
        "F",
        "T",
        "M"
    ]
}
{
    "Sample_number:": "33",
    "Resoning_Mode:": "credulous",
    "Context:": [
        "Abbott is not weary.",
        "Abbott is not cruel.",
        "Abbott is not pessimistic.",
        "Abbott is wide eyed.",
        "Abbott is sociable.",
        "Abbott is nervous.",
        "Abbott is not sensitive.",
        "Abbott is cheerful.",
        "Abbott is fierce.",
        "Abbott is dull.",
        "Abbott revere Toby.",
        "Abbott is not known.",
        "Abbott is not drab.",
        "Abbott is not brainy.",
        "If someoneA is not brainy then he is not nasty ,unless he is efficient.",
        "If someoneA is fierce and he revere someoneB then he is not efficient ,unless he is honest or he is dramatic.",
        "If someoneA is sociable and not pessimistic then he is confused ,unless he is mysterious.",
        "If someoneA is wide eyed and confused then he is honest ,unless he is not efficient.",
        "If someoneA is nervous and not weary then he is not grizzled ,unless he is honest.",
        "If someoneA is not drab and not cruel then he is not young ,unless he is not grizzled.",
        "If someoneA is not known then he is not grieving ,unless he is not nasty.",
        "If someoneA is not nasty then he is not arrogant,unless he is not capable or he is honest.",
        "If someoneA is not sensitive and sociable then he is not relieved,unless he is drab or he is calm.",
        "If someoneA is cheerful and dull then he is not doubtful ,unless he is not grieving."
    ],
    "NL_Origin_Question_Text:": "['Abbott is not nasty.', 'Abbott is efficient.', 'Abbott is grieving.']",
    "Huam_Question_Label_Lists:": [
        "T",
        "F",
        "M"
    ]
}
{
    "Sample_number:": "34",
    "Resoning_Mode:": "credulous",
    "Context:": [
        "Lucas is not intelligent.",
        "Lucas is brainy.",
        "Lucas is sorry.",
        "Lucas is patient.",
        "Lucas is fancy.",
        "Lucas is not arrogant.",
        "Lucas is not worrisome.",
        "Lucas is weary.",
        "Lucas is not spotless.",
        "Lucas is passionate.",
        "Lucas is lonely.",
        "Lucas is not alert.",
        "Lucas is not difficult.",
        "If someoneA is weary then he is not clean,unless he is different or he is not grizzled.",
        "If someoneA is not spotless and not clean then he is noisy ,unless he is not crystal.",
        "If someoneA is patient and passionate then he is financial ,unless he is not blue.",
        "If someoneA is not clean and not alert then he is not blue ,unless he is financial.",
        "If someoneA is fancy and not difficult then he is not grizzled ,unless he is not clean.",
        "If someoneA is brainy and not intelligent then he is not grieving,unless he is handsome or he is not grizzled.",
        "If someoneA is not arrogant then he is known,unless he is not grizzled or he is not alert.",
        "If someoneA is financial and not worrisome then he is not glamorous ,unless he is not blue.",
        "If someoneA is sorry then he is dull,unless he is bad tempered or he is not blue.",
        "If someoneA is lonely then he is not crystal,unless he is young or he is noisy."
    ],
    "NL_Origin_Question_Text:": "['Lucas is not clean.', 'Lucas is not noisy.', 'Lucas is known.']",
    "Huam_Question_Label_Lists:": [
        "T",
        "F",
        "M"
    ]
}
{
    "Sample_number:": "35",
    "Resoning_Mode:": "credulous",
    "Context:": [
        "Skyla is delicious.",
        "Skyla does not poke fun at Hal.",
        "Skyla is not tasty.",
        "Skyla is obvious.",
        "Skyla is cheerful.",
        "Skyla is not impatient.",
        "Skyla is muddy.",
        "Skyla is proud.",
        "Skyla is envious.",
        "Skyla is not cruel.",
        "Skyla respect Hal.",
        "Skyla is not nervous.",
        "Skyla is arrogant.",
        "Skyla is handsome.",
        "Skyla is not alive.",
        "If someoneA is relieved and cheerful then he is stupid,unless he is not honest or he is alive.",
        "If someoneA is delicious and not impatient then he is not doubtful,unless he is sensitive or he is wide eyed.",
        "If someoneA is not tasty then he is important,unless he is shy or he is stupid.",
        "If someoneA is proud then he is passionate,unless he is not financial or he is not colorful.",
        "If someoneA is stupid and arrogant then he is shy ,unless he is important.",
        "If someoneA respect someoneB and someoneA is not cruel then he is relieved ,unless he is important or he is sensitive.",
        "If someoneA is envious and not alive then he is not honest,unless he is not colorful or he is stupid.",
        "If someoneA is obvious and not nervous then he is not bitter ,unless he is scared.",
        "If someoneA does not poke fun at someoneB then he is not colorful,unless he is shy or he is not wide eyed.",
        "If someoneA is muddy and handsome then he is noisy,unless he is not embarrassed or he is not dramatic."
    ],
    "NL_Origin_Question_Text:": "['Skyla is stupid.', 'Skyla is doubtful.', 'Skyla is not honest.']",
    "Huam_Question_Label_Lists:": [
        "M",
        "F",
        "T"
    ]
}
{
    "Sample_number:": "36",
    "Resoning_Mode:": "credulous",
    "Context:": [
        "Kevin is clean.",
        "Kevin is not grizzled.",
        "Kevin is sociable.",
        "Kevin praise Jeffrey.",
        "Kevin is shy.",
        "Kevin is alive.",
        "Kevin is distinct.",
        "Kevin is lonely.",
        "Kevin is not patient.",
        "Kevin respect Jeffrey.",
        "Kevin is not lazy.",
        "Kevin is modest.",
        "If someoneA is not patient then he is not scared,unless he is not modest or he is not inexpensive.",
        "If someoneA is sociable and he respect someoneB then he is not dramatic ,unless he is not impatient or he is not numerous.",
        "If someoneA is not scared then he is worrisome,unless he is not different or he is inexpensive.",
        "If someoneA is lonely and modest then he is not impatient ,unless he is not dramatic.",
        "If someoneA is not lazy then he is dead,unless he is square or he is not impatient.",
        "If someoneA is clean and he praise someoneB then he is not real ,unless he is crystal or he is not kind.",
        "If someoneA is not impatient and alive then he is not numerous ,unless he is not dramatic.",
        "If someoneA is not impatient and shy then he is not drab ,unless he is not impatient.",
        "If someoneA is distinct then he is not gorgeous,unless he is important or he is not numerous.",
        "If someoneA is not grizzled then he is not financial,unless he is not dramatic or he is not spotless."
    ],
    "NL_Origin_Question_Text:": "['Kevin is not scared.', 'Kevin is impatient.', 'Kevin is not drab.']",
    "Huam_Question_Label_Lists:": [
        "T",
        "F",
        "M"
    ]
}
{
    "Sample_number:": "37",
    "Resoning_Mode:": "credulous",
    "Context:": [
        "Baron is dead.",
        "Baron is not kind.",
        "Baron is not filthy.",
        "Baron is not arrogant.",
        "Baron regard Gavin.",
        "Baron is not bossy.",
        "Baron is blue.",
        "Baron is capable.",
        "Baron is super.",
        "Baron is not wide eyed.",
        "Baron is not honest.",
        "Baron is square.",
        "If someoneA is super and he regard someoneB then he is weary ,unless he is not dead or he is pure.",
        "If someoneA is dead and poor then he is not stupid,unless he is shrill or he is not sorry.",
        "If someoneA is not wide eyed and not stupid then he is not nasty ,unless he is crystal.",
        "If someoneA is blue and not honest then he is not drab,unless he is brainy or he is delicious.",
        "If someoneA is capable then he is crystal,unless he is nasty or he is not nasty.",
        "If someoneA is not filthy and not stupid then he is not clumsy,unless he is not sorry or he is poor.",
        "If someoneA is not arrogant and not stupid then he is pure ,unless he is weary.",
        "If someoneA is not bossy and square then he is not sorry,unless he is mysterious or he is not stupid.",
        "If someoneA is not kind then he is poor,unless he is not clumsy or he is not alert.",
        "If someoneA is not nasty then he is not grizzled,unless he is efficient or he is dramatic."
    ],
    "NL_Origin_Question_Text:": "['Baron is weary.', 'Baron is nasty.', 'Baron is not clumsy.']",
    "Huam_Question_Label_Lists:": [
        "T",
        "F",
        "M"
    ]
}
{
    "Sample_number:": "38",
    "Resoning_Mode:": "credulous",
    "Context:": [
        "Blair is not weary.",
        "Blair is sorry.",
        "Blair is not rich.",
        "Blair is not arrogant.",
        "Blair is not bossy.",
        "Blair is vast.",
        "Blair is not proud.",
        "Blair is shy.",
        "Blair is not clean.",
        "Blair is not alert.",
        "Blair does not ridicule Clyde.",
        "Blair is stupid.",
        "Blair is not modest.",
        "If someoneA is not proud then he is cruel ,unless he is embarrassed.",
        "If someoneA is embarrassed and vast then he is not shrill,unless he is not crystal or he is nervous.",
        "If someoneA is not rich and he does not ridicule someoneB then he is not square ,unless he is not super.",
        "If someoneA is not clean and not modest then he is embarrassed,unless he is cruel or he is sensitive.",
        "If someoneA is not super and sorry then he is not crystal,unless he is not financial or he is not shrill.",
        "If someoneA is not weary and not bossy then he is not super,unless he is not square or he is not gorgeous.",
        "If someoneA is not arrogant then he is not gorgeous ,unless he is not super.",
        "If someoneA is not crystal and not alert then he is not financial,unless he is dramatic or he is not crystal.",
        "If someoneA is shy and stupid then he is not poor ,unless he is not bad tempered.",
        "If someoneA is sorry then he is not huge ,unless he is cruel."
    ],
    "NL_Origin_Question_Text:": "['Blair is not cruel.', 'Blair is not square.', 'Blair is not financial.']",
    "Huam_Question_Label_Lists:": [
        "F",
        "T",
        "M"
    ]
}
{
    "Sample_number:": "39",
    "Resoning_Mode:": "credulous",
    "Context:": [
        "Loretta is not grieving.",
        "Loretta is not intelligent.",
        "Loretta is pessimistic.",
        "Loretta is difficult.",
        "Loretta does not sneer Simon.",
        "Loretta is not obvious.",
        "Loretta is not scared.",
        "Loretta is muddy.",
        "Loretta is capable.",
        "Loretta is not suspicious.",
        "Loretta is alive.",
        "Loretta is not drab.",
        "Loretta is not modest.",
        "If someoneA is not scared then he is poor ,unless he is not pessimistic.",
        "If someoneA is poor and not modest then he is not inexpensive,unless he is not grizzled or he is suspicious.",
        "If someoneA is pessimistic and not drab then he is crystal ,unless he is not honest.",
        "If someoneA is capable and difficult then he is weary ,unless he is filthy.",
        "If someoneA is not obvious then he is filthy ,unless he is weary.",
        "If someoneA does not sneer someoneB then he is not honest,unless he is crystal or he is not dramatic.",
        "If someoneA is not grieving and not inexpensive then he is tiny,unless he is filthy or he is pleasant.",
        "If someoneA is muddy and crystal then he is efficient,unless he is filthy or he is not super.",
        "If someoneA is not suspicious and not intelligent then he is distinct ,unless he is not drab.",
        "If someoneA is alive and pessimistic then he is not super ,unless he is efficient."
    ],
    "NL_Origin_Question_Text:": "['Loretta is poor.', 'Loretta is not crystal.', 'Loretta is distinct.']",
    "Huam_Question_Label_Lists:": [
        "T",
        "F",
        "M"
    ]
}
{
    "Sample_number:": "40",
    "Resoning_Mode:": "credulous",
    "Context:": [
        "Sinclair is not dull.",
        "Sinclair is lazy.",
        "Sinclair is not delicious.",
        "Sinclair is honest.",
        "Sinclair is obvious.",
        "Sinclair praise Kit.",
        "Sinclair is not impatient.",
        "Sinclair is not square.",
        "Sinclair is efficient.",
        "Sinclair is envious.",
        "Sinclair is calm.",
        "Sinclair is not glamorous.",
        "If someoneA is obvious and not delicious then he is enthusiastic,unless he is fancy or he is dead.",
        "If someoneA is calm then he is not spotless ,unless he is glamorous.",
        "If someoneA is envious then he is not sensitive,unless he is known or he is wide eyed.",
        "If someoneA is lazy then he is fancy,unless he is enthusiastic or he is brainy.",
        "If someoneA is not square and stupid then he is known,unless he is not sensitive or he is super.",
        "If someoneA is fancy and not dull then he is wide eyed,unless he is stupid or he is not sensitive.",
        "If someoneA is efficient then he is stupid ,unless he is wide eyed.",
        "If someoneA praise someoneB and someoneA is not spotless then he is brainy ,unless he is fancy.",
        "If someoneA is not glamorous and honest then he is unusual,unless he is stupid or he is clumsy.",
        "If someoneA is not sensitive and not impatient then he is not bad tempered,unless he is stupid or he is not scared."
    ],
    "NL_Origin_Question_Text:": "['Sinclair is enthusiastic.', 'Sinclair is sensitive.', 'Sinclair is not bad tempered.']",
    "Huam_Question_Label_Lists:": [
        "T",
        "F",
        "M"
    ]
}
{
    "Sample_number:": "41",
    "Resoning_Mode:": "credulous",
    "Context:": [
        "Baron is not responsible.",
        "Baron is not dull.",
        "Baron is not fancy.",
        "Baron does not revere Quenby.",
        "Baron is not distinct.",
        "Baron is not impatient.",
        "Baron is not cheerful.",
        "Baron is proud.",
        "Baron sneer Quenby.",
        "Baron is not obvious.",
        "Baron is modest.",
        "Baron is not doubtful.",
        "Baron is bitter.",
        "If someoneA is not cheerful and modest then he is not wide eyed ,unless he is distinct.",
        "If someoneA is not obvious and he does not revere someoneB then he is not confused ,unless he is pessimistic or he is not important.",
        "If someoneA is not wide eyed then he is super,unless he is not arrogant or he is not dramatic.",
        "If someoneA is not distinct then he is bossy ,unless he is not wide eyed.",
        "If someoneA is proud and not pessimistic then he is not young,unless he is not scared or he is bossy.",
        "If someoneA is super and not dull then he is cruel,unless he is bossy or he is woolen.",
        "If someoneA is bitter and not responsible then he is nervous ,unless he is lonely.",
        "If someoneA is not fancy then he is dramatic,unless he is dangerous or he is handsome.",
        "If someoneA is not impatient then he is not pessimistic,unless he is not drab or he is not proud.",
        "If someoneA is not doubtful and he sneer someoneB then he is not poor ,unless he is not capable."
    ],
    "NL_Origin_Question_Text:": "['Baron is not wide eyed.', 'Baron is not bossy.', 'Baron is not cruel.']",
    "Huam_Question_Label_Lists:": [
        "T",
        "F",
        "M"
    ]
}
{
    "Sample_number:": "42",
    "Resoning_Mode:": "credulous",
    "Context:": [
        "Jeffrey is responsible.",
        "Jeffrey is noisy.",
        "Jeffrey is eager.",
        "Jeffrey scorn Landry.",
        "Jeffrey is not dim.",
        "Jeffrey is crystal.",
        "Jeffrey is grizzled.",
        "Jeffrey is filthy.",
        "Jeffrey is inexpensive.",
        "Jeffrey is suspicious.",
        "Jeffrey is not known.",
        "Jeffrey is unusual.",
        "If someoneA is responsible then he is pregnant ,unless he is not calm.",
        "If someoneA is not known and unusual then he is patient ,unless he is enthusiastic.",
        "If someoneA is suspicious and grizzled then he is not efficient,unless he is nervous or he is square.",
        "If someoneA is eager then he is pleasant,unless he is not brainy or he is not fragile.",
        "If someoneA is not efficient and noisy then he is nervous,unless he is bad tempered or he is not efficient.",
        "If someoneA is inexpensive then he is bad tempered ,unless he is nervous.",
        "If someoneA is filthy and pleasant then he is not confused ,unless he is nervous.",
        "If someoneA scorn someoneB and someoneA is bad tempered then he is not colorful ,unless he is not rich or he is not unlikely.",
        "If someoneA is crystal then he is clumsy ,unless he is not capable.",
        "If someoneA is grizzled and not dim then he is not glamorous ,unless he is nervous."
    ],
    "NL_Origin_Question_Text:": "['Jeffrey is pregnant.', 'Jeffrey is not nervous.', 'Jeffrey is not bad tempered.']",
    "Huam_Question_Label_Lists:": [
        "T",
        "M",
        "F"
    ]
}
{
    "Sample_number:": "43",
    "Resoning_Mode:": "credulous",
    "Context:": [
        "Nathaniel is not financial.",
        "Nathaniel is foreign.",
        "Nathaniel does not revere Clayton.",
        "Nathaniel is not modest.",
        "Nathaniel is cheerful.",
        "Nathaniel is worrisome.",
        "Nathaniel is not mysterious.",
        "Nathaniel is actual.",
        "Nathaniel is important.",
        "Nathaniel is lonely.",
        "Nathaniel is embarrassed.",
        "Nathaniel is dull.",
        "Nathaniel is inexpensive.",
        "Nathaniel is not obvious.",
        "Nathaniel is not sociable.",
        "Nathaniel is not drab.",
        "Nathaniel is square.",
        "If someoneA is square and he does not revere someoneB then he is not noisy ,unless he is not difficult.",
        "If someoneA is not mysterious then he is responsible,unless he is not pleasant or he is real.",
        "If someoneA is embarrassed and worrisome then he is numerous,unless he is not important or he is passionate.",
        "If someoneA is not drab and actual then he is not dead ,unless he is not dull.",
        "If someoneA is dull and foreign then he is cruel ,unless he is not pure.",
        "If someoneA is lonely then he is fierce ,unless he is not dead.",
        "If someoneA is not modest and inexpensive then he is not intelligent,unless he is not gorgeous or he is sorry.",
        "If someoneA is not obvious then he is not envious ,unless he is dangerous.",
        "If someoneA is cheerful and important then he is huge,unless he is poor or he is fierce.",
        "If someoneA is not sociable and not financial then he is not sensitive,unless he is calm or he is not crystal."
    ],
    "NL_Origin_Question_Text:": "['Nathaniel is noisy.', 'Nathaniel is numerous.', 'Nathaniel is fierce.']",
    "Huam_Question_Label_Lists:": [
        "F",
        "T",
        "M"
    ]
}
{
    "Sample_number:": "44",
    "Resoning_Mode:": "credulous",
    "Context:": [
        "Logan is pessimistic.",
        "Logan is fancy.",
        "Logan is young.",
        "Logan is nervous.",
        "Logan scorn Byron.",
        "Logan is not modest.",
        "Logan is not scared.",
        "Logan is distinct.",
        "Logan is not mysterious.",
        "Logan is different.",
        "Logan respect Byron.",
        "Logan is poor.",
        "Logan is square.",
        "If someoneA respect someoneB and someoneA is square then he is blue ,unless he is not unusual or he is clumsy.",
        "If someoneA is blue and not scared then he is not real ,unless he is not poor.",
        "If someoneA is fancy then he is not passionate ,unless he is not wide eyed.",
        "If someoneA is poor and not real then he is filthy ,unless he is not real.",
        "If someoneA is distinct and different then he is intelligent ,unless he is not calm.",
        "If someoneA is young then he is not sociable,unless he is not foreign or he is pure.",
        "If someoneA is not sociable and not mysterious then he is not suspicious ,unless he is rich.",
        "If someoneA scorn someoneB and someoneA is nervous then he is not brainy ,unless he is filthy.",
        "If someoneA is pessimistic then he is not honest ,unless he is noisy.",
        "If someoneA is not modest and square then he is eager ,unless he is not tiny."
    ],
    "NL_Origin_Question_Text:": "['Logan is blue.', 'Logan is real.', 'Logan is not filthy.']",
    "Huam_Question_Label_Lists:": [
        "T",
        "F",
        "M"
    ]
}
{
    "Sample_number:": "45",
    "Resoning_Mode:": "credulous",
    "Context:": [
        "Nicole is not nasty.",
        "Nicole is intelligent.",
        "Nicole is pessimistic.",
        "Nicole is lazy.",
        "Nicole is not grizzled.",
        "Nicole is not embarrassed.",
        "Nicole is worrisome.",
        "Nicole is known.",
        "Nicole is not mysterious.",
        "Nicole is calm.",
        "Nicole is not shy.",
        "Nicole is colorful.",
        "Nicole is huge.",
        "If someoneA is not embarrassed and not nasty then he is not foreign ,unless he is alive.",
        "If someoneA is not foreign then he is scared,unless he is mysterious or he is not worrisome.",
        "If someoneA is pessimistic and not grizzled then he is not suspicious,unless he is not numerous or he is not lazy.",
        "If someoneA is worrisome and intelligent then he is not pregnant,unless he is not dramatic or he is not important.",
        "If someoneA is known and not suspicious then he is envious ,unless he is efficient.",
        "If someoneA is colorful and not mysterious then he is pure ,unless he is not important.",
        "If someoneA is huge then he is passionate ,unless he is not dangerous.",
        "If someoneA is not shy and not envious then he is efficient ,unless he is tiny.",
        "If someoneA is lazy and calm then he is tiny,unless he is efficient or he is not rich.",
        "If someoneA is passionate then he is not filthy ,unless he is not pleasant."
    ],
    "NL_Origin_Question_Text:": "['Nicole is not foreign.', 'Nicole is not scared.', 'Nicole is efficient.']",
    "Huam_Question_Label_Lists:": [
        "T",
        "F",
        "M"
    ]
}
{
    "Sample_number:": "46",
    "Resoning_Mode:": "credulous",
    "Context:": [
        "Oscar is not fancy.",
        "Oscar is blue.",
        "Oscar is doubtful.",
        "Oscar is bad tempered.",
        "Oscar is fierce.",
        "Oscar is obvious.",
        "Oscar is clean.",
        "Oscar is not numerous.",
        "Oscar is not responsible.",
        "Oscar is drab.",
        "Oscar is rich.",
        "Oscar is not vast.",
        "Oscar is not enthusiastic.",
        "Oscar is not dull.",
        "If someoneA is blue then he is not actual ,unless he is not different.",
        "If someoneA is bad tempered and obvious then he is confused ,unless he is not inexpensive.",
        "If someoneA is not vast and doubtful then he is capable ,unless he is not bad tempered.",
        "If someoneA is not dull then he is not difficult ,unless he is capable.",
        "If someoneA is drab and not numerous then he is arrogant ,unless he is not clumsy.",
        "If someoneA is clean and rich then he is not intelligent ,unless he is not real.",
        "If someoneA is not responsible and not enthusiastic then he is not grieving ,unless he is brainy.",
        "If someoneA is not numerous then he is mysterious,unless he is spotless or he is colorful.",
        "If someoneA is not fancy and fierce then he is pure ,unless he is not difficult.",
        "If someoneA is not actual then he is not noisy ,unless he is intelligent."
    ],
    "NL_Origin_Question_Text:": "['Oscar is not actual.', 'Oscar is not confused.', 'Oscar is not difficult.']",
    "Huam_Question_Label_Lists:": [
        "T",
        "F",
        "M"
    ]
}
{
    "Sample_number:": "47",
    "Resoning_Mode:": "credulous",
    "Context:": [
        "Rhett is sorry.",
        "Rhett does not revere Kenway.",
        "Rhett is alert.",
        "Rhett is delicious.",
        "Rhett is not filthy.",
        "Rhett is fierce.",
        "Rhett is not tiny.",
        "Rhett is obvious.",
        "Rhett is not pessimistic.",
        "Rhett is arrogant.",
        "Rhett is rich.",
        "Rhett is dull.",
        "Rhett is not shy.",
        "If someoneA is young and not pessimistic then he is gorgeous,unless he is not responsible or he is bad tempered.",
        "If someoneA is gorgeous and not tiny then he is pleasant ,unless he is envious.",
        "If someoneA is delicious then he is proud ,unless he is alive.",
        "If someoneA is not shy then he is envious,unless he is pleasant or he is clumsy.",
        "If someoneA is sorry and not filthy then he is calm, unless he is not dangerous or he is pleasant.",
        "If someoneA is obvious and rich then he is unlikely,unless he is filthy or he is pleasant.",
        "If someoneA is calm and fierce then he is young,unless he is not muddy or he is pleasant.",
        "If someoneA is envious then he is muddy ,unless he is nervous.",
        "If someoneA is alert and arrogant then he is not sociable,unless he is not colorful or he is not known.",
        "If someoneA is dull and he does not revere someoneB then he is patient ,unless he is not muddy or he is important."
    ],
    "NL_Origin_Question_Text:": "['Rhett is not gorgeous.', 'Rhett is not pleasant.', 'Rhett is calm.']",
    "Huam_Question_Label_Lists:": [
        "F",
        "M",
        "T"
    ]
}
{
    "Sample_number:": "48",
    "Resoning_Mode:": "credulous",
    "Context:": [
        "Lynda is not proud.",
        "Lynda is not poor.",
        "Lynda sneer Jerome.",
        "Lynda is muddy.",
        "Lynda is not pleasant.",
        "Lynda is not cheerful.",
        "Lynda is not crystal.",
        "Lynda is scared.",
        "Lynda spurn Jerome.",
        "Lynda is not grizzled.",
        "Lynda is not bad tempered.",
        "Lynda is weary.",
        "Lynda is not clean.",
        "Lynda is filthy.",
        "Lynda is not dead.",
        "Lynda is dull.",
        "Lynda is not shy.",
        "If someoneA spurn someoneB then he is noisy ,unless he is not eager.",
        "If someoneA sneer someoneB and someoneA is muddy then he is sensitive ,unless he is vast.",
        "If someoneA is not clean and not poor then he is not sorry,unless he is not delicious or he is financial.",
        "If someoneA is filthy and weary then he is different ,unless he is not square.",
        "If someoneA is different and not shy then he is not square ,unless he is different.",
        "If someoneA is dull and not pleasant then he is not worrisome ,unless he is not square.",
        "If someoneA is not cheerful and not proud then he is handsome ,unless he is not huge.",
        "If someoneA is not crystal and not dead then he is not obvious ,unless he is modest.",
        "If someoneA is not bad tempered and different then he is not super ,unless he is not square.",
        "If someoneA is scared and not grizzled then he is not bitter,unless he is not known or he is not real."
    ],
    "NL_Origin_Question_Text:": "['Lynda is noisy.', 'Lynda is sorry.', 'Lynda is not square.']",
    "Huam_Question_Label_Lists:": [
        "T",
        "F",
        "M"
    ]
}
{
    "Sample_number:": "49",
    "Resoning_Mode:": "credulous",
    "Context:": [
        "Carrick is not envious.",
        "Carrick is difficult.",
        "Carrick is crystal.",
        "Carrick does not spurn Perry.",
        "Carrick is clean.",
        "Carrick is not numerous.",
        "Carrick is impatient.",
        "Carrick is cruel.",
        "Carrick is not shy.",
        "If someoneA is clean and not shy then he is not dramatic,unless he is stupid or he is not rich.",
        "If someoneA is not dramatic then he is spotless,unless he is filthy or he is actual.",
        "If someoneA is spotless then he is poor ,unless he is not grizzled.",
        "If someoneA is poor then he is actual ,unless he is spotless.",
        "If someoneA is not numerous then he is not unusual,unless he is not grizzled or he is actual.",
        "If someoneA is impatient then he is bossy ,unless he is not stupid.",
        "If someoneA is difficult then he is not pure ,unless he is suspicious.",
        "If someoneA is crystal and spotless then he is not drab ,unless he is actual.",
        "If someoneA is not envious and spotless then he is lonely ,unless he is not delicious.",
        "If someoneA does not spurn someoneB and someoneA is cruel then he is not filthy ,unless he is not enthusiastic."
    ],
    "NL_Origin_Question_Text:": "['Carrick is not dramatic.', 'Carrick is not spotless.', 'Carrick is not actual.']",
    "Huam_Question_Label_Lists:": [
        "T",
        "F",
        "M"
    ]
}
{
    "Sample_number:": "50",
    "Resoning_Mode:": "credulous",
    "Context:": [
        "Kit is not gorgeous.",
        "Kit is not delicious.",
        "Kit is not capable.",
        "Kit is known.",
        "Kit is huge.",
        "Kit is not sociable.",
        "Kit is honest.",
        "Kit is enthusiastic.",
        "Kit is not bitter.",
        "Kit is not stupid.",
        "Kit is mysterious.",
        "Kit is not wide eyed.",
        "If someoneA is not sociable and huge then he is responsible ,unless he is not scared.",
        "If someoneA is not delicious and enthusiastic then he is not numerous ,unless he is tasty.",
        "If someoneA is not capable and responsible then he is not clean,unless he is actual or he is not dangerous.",
        "If someoneA is not nervous and responsible then he is not intelligent,unless he is not important or he is not dramatic.",
        "If someoneA is not clean and not bitter then he is grizzled ,unless he is not lonely.",
        "If someoneA is not clean and not stupid then he is actual ,unless he is not clean.",
        "If someoneA is not clean and honest then he is not calm,unless he is not drab or he is actual.",
        "If someoneA is not gorgeous then he is not nervous,unless he is colorful or he is actual.",
        "If someoneA is not numerous and not wide eyed then he is not relieved ,unless he is actual.",
        "If someoneA is mysterious and known then he is not bossy ,unless he is actual."
    ],
    "NL_Origin_Question_Text:": "['Kit is responsible.', 'Kit is intelligent.', 'Kit is actual.']",
    "Huam_Question_Label_Lists:": [
        "T",
        "F",
        "M"
    ]
}
