{
    "Sample_number:": "1",
    "Resoning_Mode:": "skeptical",
    "Context:": [
        "Toby is not noisy.",
        "Toby is not intelligent.",
        "Toby is handsome.",
        "Toby is not alert.",
        "Toby is honest.",
        "Toby is important.",
        "Toby is young.",
        "Toby is not pessimistic.",
        "Toby scorn Benjamin.",
        "Toby is passionate.",
        "Toby is not gorgeous.",
        "Toby is scared.",
        "If someoneA is handsome and not intelligent then he is delicious ,unless he is not drab.",
        "If someoneA is delicious and not alert then he is huge,unless he is grieving or he is not nasty.",
        "If someoneA is not pessimistic and scared then he is not foreign,unless he is not sensitive or he is not bossy.",
        "If someoneA is not noisy and delicious then he is different ,unless he is dead.",
        "If someoneA is not gorgeous and honest then he is grieving ,unless he is huge.",
        "If someoneA is different then he is not numerous,unless he is not confused or he is not financial.",
        "If someoneA scorn someoneB and someoneA is not grieving then he is not financial ,unless he is not distinct or he is not proud.",
        "If someoneA is important then he is not distinct ,unless he is not financial.",
        "If someoneA is passionate and not huge then he is not proud,unless he is not financial or he is not spotless.",
        "If someoneA is not numerous and young then he is pleasant ,unless he is not financial."
    ],
    "NL_Origin_Question_Text:": "['Toby is delicious.', 'Toby is not huge.', 'Toby is not different.']",
    "Huam_Question_Label_Lists:": [
        "T",
        "M",
        "F"
    ]
}
{
    "Sample_number:": "2",
    "Resoning_Mode:": "skeptical",
    "Context:": [
        "Sinclair is not confused.",
        "Sinclair is pure.",
        "Sinclair is not scared.",
        "Sinclair is glamorous.",
        "Sinclair does not respect Grover.",
        "Sinclair is fierce.",
        "Sinclair is shy.",
        "Sinclair is not pessimistic.",
        "Sinclair is not unlikely.",
        "Sinclair is not super.",
        "Sinclair is calm.",
        "Sinclair is dramatic.",
        "Sinclair does not sneer Grover.",
        "Sinclair is passionate.",
        "If someoneA is not confused and not pessimistic then he is not sorry,unless he is not inexpensive or he is not relieved.",
        "If someoneA is pure then he is financial ,unless he is actual.",
        "If someoneA is not unlikely and glamorous then he is not weary ,unless he is not eager.",
        "If someoneA is not sorry then he is not inexpensive,unless he is not sorry or he is numerous.",
        "If someoneA is passionate and financial then he is numerous ,unless he is not inexpensive.",
        "If someoneA does not sneer someoneB and someoneA is calm then he is not nervous ,unless he is not envious or he is numerous.",
        "If someoneA is not super and not pessimistic then he is not relieved,unless he is not lonely or he is not sorry.",
        "If someoneA is not scared then he is not lonely,unless he is not known or he is not relieved.",
        "If someoneA does not respect someoneB and someoneA is dramatic then he is shrill ,unless he is not inexpensive.",
        "If someoneA is fierce and shy then he is bad tempered,unless he is passionate or he is not inexpensive."
    ],
    "NL_Origin_Question_Text:": "['Sinclair is not sorry.', 'Sinclair is not financial.', 'Sinclair is not weary.']",
    "Huam_Question_Label_Lists:": [
        "M",
        "F",
        "T"
    ]
}
{
    "Sample_number:": "3",
    "Resoning_Mode:": "skeptical",
    "Context:": [
        "Medwin is tasty.",
        "Medwin is square.",
        "Medwin is bitter.",
        "Medwin is cheerful.",
        "Medwin is enthusiastic.",
        "Medwin sneer Lucas.",
        "Medwin is not scared.",
        "Medwin is blue.",
        "Medwin is not kind.",
        "Medwin is not sorry.",
        "Medwin is fierce.",
        "Medwin is not rich.",
        "Medwin is not cruel.",
        "Medwin is woolen.",
        "Medwin is not glamorous.",
        "Medwin is not spotless.",
        "If someoneA is woolen and not sorry then he is not efficient,unless he is worrisome or he is not fancy.",
        "If someoneA is not scared then he is gorgeous,unless he is not inexpensive or he is embarrassed.",
        "If someoneA is tasty and not glamorous then he is tiny,unless he is not envious or he is honest.",
        "If someoneA is not kind and fierce then he is embarrassed ,unless he is gorgeous.",
        "If someoneA sneer someoneB and someoneA is bitter then he is not doubtful ,unless he is not numerous.",
        "If someoneA is not rich and cheerful then he is shrill ,unless he is embarrassed.",
        "If someoneA is tiny and blue then he is not numerous ,unless he is not doubtful.",
        "If someoneA is enthusiastic and square then he is distinct,unless he is shrill or he is huge.",
        "If someoneA is shrill then he is not patient ,unless he is shrill.",
        "If someoneA is not cruel and not spotless then he is not inexpensive,unless he is colorful or he is gorgeous."
    ],
    "NL_Origin_Question_Text:": "['Medwin is efficient.', 'Medwin is gorgeous.', 'Medwin is tiny.']",
    "Huam_Question_Label_Lists:": [
        "F",
        "M",
        "T"
    ]
}
{
    "Sample_number:": "4",
    "Resoning_Mode:": "skeptical",
    "Context:": [
        "Laverne is not proud.",
        "Laverne regard Bartholomew.",
        "Laverne is not real.",
        "Laverne is not huge.",
        "Laverne is not arrogant.",
        "Laverne is eager.",
        "Laverne is not distinct.",
        "Laverne is bossy.",
        "Laverne is stupid.",
        "Laverne is not envious.",
        "Laverne is capable.",
        "Laverne is fragile.",
        "If someoneA is capable and not huge then he is not dangerous ,unless he is not super.",
        "If someoneA is not dangerous and bossy then he is cheerful ,unless he is delicious.",
        "If someoneA is cheerful then he is super,unless he is gorgeous or he is not fragile.",
        "If someoneA is eager and not envious then he is pregnant ,unless he is not dangerous.",
        "If someoneA regard someoneB then he is not alive,unless he is not dangerous or he is not financial.",
        "If someoneA is not real then he is difficult,unless he is not black or he is pregnant.",
        "If someoneA is not tiny and not arrogant then he is modest,unless he is not kind or he is pregnant.",
        "If someoneA is not distinct then he is not tiny,unless he is not honest or he is pregnant.",
        "If someoneA is stupid and fragile then he is not alert,unless he is not dangerous or he is not difficult.",
        "If someoneA is not proud then he is tasty ,unless he is not dangerous."
    ],
    "NL_Origin_Question_Text:": "['Laverne is not dangerous.', 'Laverne is not super.', 'Laverne is pregnant.']",
    "Huam_Question_Label_Lists:": [
        "T",
        "F",
        "M"
    ]
}
{
    "Sample_number:": "5",
    "Resoning_Mode:": "skeptical",
    "Context:": [
        "Alberta is not lazy.",
        "Alberta is cheerful.",
        "Alberta is crystal.",
        "Alberta is not dim.",
        "Alberta is not clumsy.",
        "Alberta is not mysterious.",
        "Alberta is not calm.",
        "Alberta is not pleasant.",
        "Alberta is dead.",
        "Alberta is not bitter.",
        "Alberta is sorry.",
        "Alberta does not scorn Arnold.",
        "Alberta ridicule Arnold.",
        "Alberta is not suspicious.",
        "If someoneA is not mysterious and not clumsy then he is not honest,unless he is not bossy or he is proud.",
        "If someoneA is cheerful and not bitter then he is bad tempered ,unless he is not fragile.",
        "If someoneA is not pleasant and he does not scorn someoneB then he is not tiny ,unless he is lonely.",
        "If someoneA is not honest then he is not bossy,unless he is numerous or he is not honest.",
        "If someoneA ridicule someoneB and someoneA is not dim then he is proud ,unless he is not envious or he is not honest.",
        "If someoneA is not calm then he is lonely,unless he is not tiny or he is known.",
        "If someoneA is dead and proud then he is not envious ,unless he is proud.",
        "If someoneA is crystal and not suspicious then he is weary ,unless he is not wide eyed.",
        "If someoneA is not honest then he is not nervous ,unless he is not intelligent.",
        "If someoneA is sorry and not lazy then he is known ,unless he is lonely."
    ],
    "NL_Origin_Question_Text:": "['Alberta is not honest.', 'Alberta is not bad tempered.', 'Alberta is weary.']",
    "Huam_Question_Label_Lists:": [
        "M",
        "F",
        "T"
    ]
}
{
    "Sample_number:": "6",
    "Resoning_Mode:": "skeptical",
    "Context:": [
        "Kenneth is not impatient.",
        "Kenneth is cruel.",
        "Kenneth is bitter.",
        "Kenneth respect Alden.",
        "Kenneth is not important.",
        "Kenneth is eager.",
        "Kenneth is weary.",
        "Kenneth is shy.",
        "Kenneth is wide eyed.",
        "Kenneth is responsible.",
        "Kenneth is not grieving.",
        "Kenneth is alive.",
        "Kenneth is not sensitive.",
        "Kenneth is colorful.",
        "Kenneth is not shrill.",
        "Kenneth is not doubtful.",
        "Kenneth does not scorn Alden.",
        "If someoneA is not grieving and cruel then he is not kind,unless he is drab or he is not dangerous.",
        "If someoneA is not important and not doubtful then he is not dim,unless he is not capable or he is mysterious.",
        "If someoneA respect someoneB then he is not mysterious ,unless he is not calm.",
        "If someoneA is bitter and responsible then he is not calm ,unless he is not mysterious.",
        "If someoneA is alive and he does not scorn someoneB then he is not actual ,unless he is not mysterious.",
        "If someoneA is not shrill and actual then he is nasty,unless he is sensitive or he is not woolen.",
        "If someoneA is colorful and not impatient then he is not dangerous,unless he is important or he is not kind.",
        "If someoneA is shy then he is not blue ,unless he is not pessimistic.",
        "If someoneA is weary and wide eyed then he is noisy,unless he is distinct or he is not financial.",
        "If someoneA is eager and not sensitive then he is sociable ,unless he is capable."
    ],
    "NL_Origin_Question_Text:": "['Kenneth is not kind.', 'Kenneth is dim.', 'Kenneth is not blue.']",
    "Huam_Question_Label_Lists:": [
        "M",
        "F",
        "T"
    ]
}
{
    "Sample_number:": "7",
    "Resoning_Mode:": "skeptical",
    "Context:": [
        "Archer is not lazy.",
        "Archer is super.",
        "Archer is bad tempered.",
        "Archer is envious.",
        "Archer is woolen.",
        "Archer is noisy.",
        "Archer is pregnant.",
        "Archer is pleasant.",
        "Archer is nervous.",
        "If someoneA is pregnant and not lazy then he is clumsy,unless he is dead or he is intelligent.",
        "If someoneA is nervous then he is worrisome,unless he is responsible or he is not capable.",
        "If someoneA is pleasant then he is not dim ,unless he is pure.",
        "If someoneA is woolen then he is responsible,unless he is worrisome or he is not unlikely.",
        "If someoneA is super and noisy then he is pure ,unless he is not dim.",
        "If someoneA is financial then he is not capable,unless he is worrisome or he is young.",
        "If someoneA is envious then he is distinct ,unless he is not dim.",
        "If someoneA is not capable then he is glamorous,unless he is not dim or he is real.",
        "If someoneA is bad tempered and not lazy then he is financial,unless he is worrisome or he is square.",
        "If someoneA is woolen then he is not alive ,unless he is enthusiastic."
    ],
    "NL_Origin_Question_Text:": "['Archer is not clumsy.', 'Archer is not worrisome.', 'Archer is not alive.']",
    "Huam_Question_Label_Lists:": [
        "F",
        "M",
        "T"
    ]
}
{
    "Sample_number:": "8",
    "Resoning_Mode:": "skeptical",
    "Context:": [
        "Kilby is sociable.",
        "Kilby is not scared.",
        "Kilby is grieving.",
        "Kilby is young.",
        "Kilby is delicious.",
        "Kilby is sensitive.",
        "Kilby is not inexpensive.",
        "Kilby is relieved.",
        "Kilby is not embarrassed.",
        "Kilby is distinct.",
        "Kilby is foreign.",
        "If someoneA is distinct then he is financial,unless he is not calm or he is kind.",
        "If someoneA is financial and distinct then he is not nasty,unless he is not patient or he is young.",
        "If someoneA is financial then he is intelligent,unless he is not worrisome or he is difficult.",
        "If someoneA is foreign and not scared then he is not patient,unless he is not nasty or he is not intelligent.",
        "If someoneA is not inexpensive then he is not doubtful,unless he is embarrassed or he is not eager.",
        "If someoneA is grieving and not embarrassed then he is cheerful ,unless he is arrogant.",
        "If someoneA is young then he is not square ,unless he is not nasty.",
        "If someoneA is sensitive and sociable then he is not shy ,unless he is blue.",
        "If someoneA is delicious and cheerful then he is not calm,unless he is real or he is financial.",
        "If someoneA is relieved then he is not enthusiastic,unless he is arrogant or he is not patient."
    ],
    "NL_Origin_Question_Text:": "['Kilby is financial.', 'Kilby is not patient.', 'Kilby is not cheerful.']",
    "Huam_Question_Label_Lists:": [
        "M",
        "T",
        "F"
    ]
}
{
    "Sample_number:": "9",
    "Resoning_Mode:": "skeptical",
    "Context:": [
        "Baron is not lazy.",
        "Baron is not weary.",
        "Baron is brainy.",
        "Baron is not distinct.",
        "Baron is not cheerful.",
        "Baron does not poke fun at Atwood.",
        "Baron is lonely.",
        "Baron is not nasty.",
        "Baron is delicious.",
        "If someoneA is not distinct and brainy then he is dramatic,unless he is not square or he is patient.",
        "If someoneA is lonely then he is not filthy,unless he is not confused or he is relieved.",
        "If someoneA is dramatic then he is calm,unless he is dangerous or he is dim.",
        "If someoneA is calm then he is not confused ,unless he is not filthy.",
        "If someoneA is pregnant and not lazy then he is relieved ,unless he is not filthy.",
        "If someoneA is delicious then he is pregnant,unless he is relieved or he is not nervous.",
        "If someoneA is not nasty and dramatic then he is not unusual,unless he is filthy or he is financial.",
        "If someoneA does not poke fun at someoneB and someoneA is calm then he is not clumsy ,unless he is not pessimistic.",
        "If someoneA is relieved then he is not pure ,unless he is not pregnant.",
        "If someoneA is not cheerful and not weary then he is not vast ,unless he is woolen."
    ],
    "NL_Origin_Question_Text:": "['Baron is not dramatic.', 'Baron is calm.', 'Baron is not confused.']",
    "Huam_Question_Label_Lists:": [
        "F",
        "M",
        "M"
    ]
}
{
    "Sample_number:": "10",
    "Resoning_Mode:": "skeptical",
    "Context:": [
        "Carrick is filthy.",
        "Carrick is efficient.",
        "Carrick is super.",
        "Carrick is cheerful.",
        "Carrick is poor.",
        "Carrick is envious.",
        "Carrick is inexpensive.",
        "Carrick is not black.",
        "Carrick is not clumsy.",
        "Carrick is not nasty.",
        "Carrick does not sneer Abbott.",
        "Carrick does not revere Abbott.",
        "Carrick does not scoff Abbott.",
        "If someoneA is efficient and inexpensive then he is not tiny,unless he is not shrill or he is not cruel.",
        "If someoneA is not nasty and he does not sneer someoneB then he is dead ,unless he is not handsome.",
        "If someoneA does not scoff someoneB and someoneA does not revere someoneB then he is dangerous ,unless he is pessimistic or he is not handsome.",
        "If someoneA is super and not black then he is pessimistic,unless he is not drab or he is dangerous.",
        "If someoneA is filthy and not clumsy then he is not shrill ,unless he is not tiny.",
        "If someoneA is not tiny then he is not blue ,unless he is intelligent.",
        "If someoneA is cheerful and envious then he is not difficult,unless he is not modest or he is not important.",
        "If someoneA is not dangerous and tiny then he is not handsome ,unless he is dead.",
        "If someoneA is not tiny and poor then he is numerous ,unless he is not shy.",
        "If someoneA is cheerful then he is financial,unless he is not young or he is not worrisome."
    ],
    "NL_Origin_Question_Text:": "['Carrick is not tiny.', 'Carrick is not dead.', 'Carrick is not difficult.']",
    "Huam_Question_Label_Lists:": [
        "M",
        "F",
        "T"
    ]
}
{
    "Sample_number:": "11",
    "Resoning_Mode:": "skeptical",
    "Context:": [
        "Clyde is not lazy.",
        "Clyde is not pure.",
        "Clyde is dim.",
        "Clyde is not wide eyed.",
        "Clyde is unusual.",
        "Clyde is not mysterious.",
        "Clyde is stupid.",
        "Clyde is colorful.",
        "Clyde is not alive.",
        "Clyde is not eager.",
        "Clyde is delicious.",
        "If someoneA is colorful and unusual then he is known ,unless he is not envious.",
        "If someoneA is delicious then he is intelligent,unless he is crystal or he is bossy.",
        "If someoneA is stupid then he is not pleasant ,unless he is not blue.",
        "If someoneA is not wide eyed and dim then he is crystal,unless he is intelligent or he is different.",
        "If someoneA is not patient and intelligent then he is bossy,unless he is intelligent or he is not dangerous.",
        "If someoneA is not pure and not pleasant then he is bad tempered,unless he is not brainy or he is young.",
        "If someoneA is not mysterious then he is spotless,unless he is suspicious or he is not sociable.",
        "If someoneA is not eager and known then he is not patient ,unless he is not colorful.",
        "If someoneA is not crystal and not patient then he is tasty ,unless he is tiny.",
        "If someoneA is not alive and not lazy then he is modest,unless he is not handsome or he is not crystal."
    ],
    "NL_Origin_Question_Text:": "['Clyde is known.', 'Clyde is not intelligent.', 'Clyde is pleasant.']",
    "Huam_Question_Label_Lists:": [
        "T",
        "M",
        "F"
    ]
}
{
    "Sample_number:": "12",
    "Resoning_Mode:": "skeptical",
    "Context:": [
        "Abbott is not proud.",
        "Abbott is drab.",
        "Abbott is not arrogant.",
        "Abbott does not praise Galvin.",
        "Abbott is envious.",
        "Abbott is not cheerful.",
        "Abbott is suspicious.",
        "Abbott is financial.",
        "Abbott is not foreign.",
        "Abbott is rich.",
        "Abbott is not nasty.",
        "Abbott is delicious.",
        "Abbott is nervous.",
        "Abbott is muddy.",
        "If someoneA is delicious and not cheerful then he is not pure,unless he is responsible or he is not shrill.",
        "If someoneA does not praise someoneB and someoneA is rich then he is noisy ,unless he is alive.",
        "If someoneA is not arrogant and not foreign then he is tiny ,unless he is dramatic.",
        "If someoneA is drab and envious then he is alive ,unless he is noisy.",
        "If someoneA is nervous and tiny then he is not pessimistic ,unless he is alive.",
        "If someoneA is not nasty and not proud then he is passionate ,unless he is not different.",
        "If someoneA is muddy and suspicious then he is responsible ,unless he is not pure.",
        "If someoneA is financial then he is not patient ,unless he is alive.",
        "If someoneA is not cheerful then he is not difficult,unless he is not dead or he is not colorful.",
        "If someoneA is not nasty then he is glamorous ,unless he is suspicious."
    ],
    "NL_Origin_Question_Text:": "['Abbott is not pure.', 'Abbott is not tiny.', 'Abbott is passionate.']",
    "Huam_Question_Label_Lists:": [
        "M",
        "F",
        "T"
    ]
}
{
    "Sample_number:": "13",
    "Resoning_Mode:": "skeptical",
    "Context:": [
        "Romeo is tasty.",
        "Romeo is lazy.",
        "Romeo is clean.",
        "Romeo is kind.",
        "Romeo does not praise Landry.",
        "Romeo is not gorgeous.",
        "Romeo is arrogant.",
        "Romeo is not dangerous.",
        "Romeo is colorful.",
        "Romeo is not efficient.",
        "Romeo is sorry.",
        "Romeo is doubtful.",
        "If someoneA does not praise someoneB then he is not muddy,unless he is eager or he is not numerous.",
        "If someoneA is lazy and tasty then he is fancy ,unless he is not alive.",
        "If someoneA is kind and not dangerous then he is alive,unless he is not worrisome or he is cheerful.",
        "If someoneA is kind and clean then he is scared,unless he is fancy or he is not unlikely.",
        "If someoneA is sorry then he is enthusiastic,unless he is fancy or he is not arrogant.",
        "If someoneA is colorful then he is not unlikely,unless he is scared or he is fierce.",
        "If someoneA is doubtful and not muddy then he is lonely ,unless he is dramatic.",
        "If someoneA is enthusiastic and dramatic then he is noisy,unless he is fierce or he is scared.",
        "If someoneA is not gorgeous then he is dramatic,unless he is lonely or he is not weary.",
        "If someoneA is not efficient and arrogant then he is real,unless he is pessimistic or he is not distinct."
    ],
    "NL_Origin_Question_Text:": "['Romeo is not muddy.', 'Romeo is not fancy.', 'Romeo is scared.']",
    "Huam_Question_Label_Lists:": [
        "T",
        "F",
        "M"
    ]
}
{
    "Sample_number:": "14",
    "Resoning_Mode:": "skeptical",
    "Context:": [
        "Bernard is cruel.",
        "Bernard is dangerous.",
        "Bernard does not ridicule Loretta.",
        "Bernard is envious.",
        "Bernard is not woolen.",
        "Bernard is weary.",
        "Bernard is inexpensive.",
        "Bernard is fierce.",
        "Bernard does not regard Loretta.",
        "Bernard is financial.",
        "Bernard is not dramatic.",
        "Bernard is stupid.",
        "Bernard is scared.",
        "Bernard is foreign.",
        "If someoneA is dangerous and weary then he is pleasant,unless he is not tiny or he is not responsible.",
        "If someoneA is scared and crystal then he is tasty,unless he is noisy or he is not tiny.",
        "If someoneA is cruel and he does not ridicule someoneB then he is not distinct ,unless he is spotless or he is sociable.",
        "If someoneA is stupid then he is not tiny,unless he is not wide eyed or he is pleasant.",
        "If someoneA is not woolen and foreign then he is not grieving ,unless he is not colorful.",
        "If someoneA is not dramatic then he is cheerful,unless he is capable or he is dull.",
        "If someoneA is crystal then he is noisy,unless he is inexpensive or he is tasty.",
        "If someoneA is weary and he does not regard someoneB then he is crystal ,unless he is tasty or he is not capable.",
        "If someoneA is financial and inexpensive then he is spotless ,unless he is not distinct.",
        "If someoneA is envious and fierce then he is blue ,unless he is not dramatic."
    ],
    "NL_Origin_Question_Text:": "['Bernard is not pleasant.', 'Bernard is not tiny.', 'Bernard is grieving.']",
    "Huam_Question_Label_Lists:": [
        "M",
        "M",
        "T"
    ]
}
{
    "Sample_number:": "15",
    "Resoning_Mode:": "skeptical",
    "Context:": [
        "Samuel is proud.",
        "Samuel is clean.",
        "Samuel is poor.",
        "Samuel is kind.",
        "Samuel is eager.",
        "Samuel is not honest.",
        "Samuel is not muddy.",
        "Samuel is pessimistic.",
        "Samuel is not responsible.",
        "Samuel is woolen.",
        "Samuel is not passionate.",
        "Samuel is sorry.",
        "Samuel is not tasty.",
        "If someoneA is woolen and not passionate then he is bossy,unless he is not grieving or he is sociable.",
        "If someoneA is not tasty then he is not nervous ,unless he is efficient.",
        "If someoneA is poor and not honest then he is square ,unless he is known.",
        "If someoneA is not muddy and eager then he is efficient,unless he is not nervous or he is not financial.",
        "If someoneA is proud then he is not financial ,unless he is not nervous.",
        "If someoneA is sorry then he is not embarrassed,unless he is not nervous or he is mysterious.",
        "If someoneA is pessimistic and kind then he is not stupid ,unless he is efficient.",
        "If someoneA is not stupid and not responsible then he is sociable ,unless he is bossy.",
        "If someoneA is not stupid then he is inexpensive ,unless he is not stupid.",
        "If someoneA is not financial and clean then he is relieved ,unless he is not stupid."
    ],
    "NL_Origin_Question_Text:": "['Samuel is bossy.', 'Samuel is nervous.', 'Samuel is square.']",
    "Huam_Question_Label_Lists:": [
        "M",
        "M",
        "T"
    ]
}
{
    "Sample_number:": "16",
    "Resoning_Mode:": "skeptical",
    "Context:": [
        "Loretta is not noisy.",
        "Loretta is super.",
        "Loretta is bitter.",
        "Loretta is eager.",
        "Loretta is not sorry.",
        "Loretta is clumsy.",
        "Loretta is actual.",
        "Loretta is not fierce.",
        "Loretta is not pleasant.",
        "Loretta is not embarrassed.",
        "Loretta ridicule Sinclair.",
        "Loretta is different.",
        "Loretta is foreign.",
        "If someoneA is super then he is not cruel ,unless he is not proud.",
        "If someoneA is not embarrassed and not fierce then he is efficient ,unless he is spotless.",
        "If someoneA is foreign then he is not tiny,unless he is not intelligent or he is bad tempered.",
        "If someoneA is bitter and actual then he is not huge ,unless he is not obvious.",
        "If someoneA is different and not noisy then he is spotless ,unless he is efficient.",
        "If someoneA is efficient then he is bad tempered ,unless he is not tiny.",
        "If someoneA is eager and clumsy then he is not tasty ,unless he is spotless.",
        "If someoneA ridicule someoneB and someoneA is not tasty then he is not intelligent ,unless he is not filthy or he is not tiny.",
        "If someoneA is not pleasant then he is unlikely,unless he is spotless or he is not different.",
        "If someoneA is not huge and not sorry then he is not important,unless he is efficient or he is dead."
    ],
    "NL_Origin_Question_Text:": "['Loretta is not cruel.', 'Loretta is not efficient.', 'Loretta is huge.']",
    "Huam_Question_Label_Lists:": [
        "T",
        "M",
        "F"
    ]
}
{
    "Sample_number:": "17",
    "Resoning_Mode:": "skeptical",
    "Context:": [
        "Blake is not pregnant.",
        "Blake is dangerous.",
        "Blake is handsome.",
        "Blake is not fragile.",
        "Blake is real.",
        "Blake is not unusual.",
        "Blake is not patient.",
        "Blake is not kind.",
        "Blake is alive.",
        "Blake is not grieving.",
        "Blake is not calm.",
        "Blake revere Carney.",
        "Blake is not shrill.",
        "Blake is delicious.",
        "Blake is capable.",
        "Blake is muddy.",
        "If someoneA is not calm and he revere someoneB then he is worrisome ,unless he is not pleasant or he is not filthy.",
        "If someoneA is capable then he is not noisy ,unless he is not clean.",
        "If someoneA is actual and not unusual then he is not enthusiastic,unless he is fierce or he is not tiny.",
        "If someoneA is not kind then he is fierce ,unless he is not enthusiastic.",
        "If someoneA is delicious and real then he is not tiny ,unless he is not enthusiastic.",
        "If someoneA is handsome and dangerous then he is not clean ,unless he is not noisy.",
        "If someoneA is not fragile and not shrill then he is actual ,unless he is not enthusiastic.",
        "If someoneA is not grieving and handsome then he is dead,unless he is not shy or he is actual.",
        "If someoneA is not pregnant and alive then he is not shy ,unless he is dead.",
        "If someoneA is not patient and muddy then he is pure ,unless he is bossy."
    ],
    "NL_Origin_Question_Text:": "['Blake is worrisome.', 'Blake is noisy.', 'Blake is tiny.']",
    "Huam_Question_Label_Lists:": [
        "T",
        "M",
        "M"
    ]
}
{
    "Sample_number:": "18",
    "Resoning_Mode:": "skeptical",
    "Context:": [
        "Toby is not lazy.",
        "Toby is not confused.",
        "Toby is not alert.",
        "Toby is clean.",
        "Toby is real.",
        "Toby sneer Philip.",
        "Toby is gorgeous.",
        "Toby is not bad tempered.",
        "Toby is not clumsy.",
        "Toby is impatient.",
        "Toby is woolen.",
        "Toby is not nervous.",
        "Toby is worrisome.",
        "Toby is not envious.",
        "Toby is not fancy.",
        "If someoneA is not alert and not fancy then he is not mysterious,unless he is not distinct or he is eager.",
        "If someoneA is not clumsy and not confused then he is kind,unless he is embarrassed or he is not capable.",
        "If someoneA is clean and not envious then he is not relieved,unless he is not vast or he is not young.",
        "If someoneA is real and not nervous then he is eager ,unless he is not mysterious.",
        "If someoneA is gorgeous and kind then he is not distinct,unless he is not mysterious or he is not shrill.",
        "If someoneA is worrisome then he is cruel ,unless he is not mysterious.",
        "If someoneA sneer someoneB and someoneA is not lazy then he is sociable ,unless he is not mysterious or he is spotless.",
        "If someoneA is not distinct then he is not noisy ,unless he is impatient.",
        "If someoneA is impatient and woolen then he is not proud ,unless he is not embarrassed.",
        "If someoneA is not nervous and not bad tempered then he is not embarrassed ,unless he is not proud."
    ],
    "NL_Origin_Question_Text:": "['Toby is mysterious.', 'Toby is kind.', 'Toby is relieved.']",
    "Huam_Question_Label_Lists:": [
        "M",
        "T",
        "F"
    ]
}
{
    "Sample_number:": "19",
    "Resoning_Mode:": "skeptical",
    "Context:": [
        "Oscar is tasty.",
        "Oscar does not spurn Adley.",
        "Oscar regard Adley.",
        "Oscar is mysterious.",
        "Oscar is real.",
        "Oscar is not unusual.",
        "Oscar is not delicious.",
        "Oscar is not wide eyed.",
        "Oscar is not pure.",
        "Oscar is young.",
        "Oscar is not nervous.",
        "Oscar is not shrill.",
        "Oscar is not relieved.",
        "If someoneA is real then he is spotless,unless he is not calm or he is envious.",
        "If someoneA is mysterious and spotless then he is financial,unless he is pessimistic or he is fragile.",
        "If someoneA is young and tasty then he is not weary,unless he is obvious or he is not noisy.",
        "If someoneA is not shrill and he does not spurn someoneB then he is not noisy ,unless he is not weary.",
        "If someoneA is not nervous and financial then he is not calm ,unless he is spotless.",
        "If someoneA is spotless then he is envious,unless he is spotless or he is not financial.",
        "If someoneA regard someoneB then he is not super ,unless he is grieving.",
        "If someoneA is not relieved and not delicious then he is not scared,unless he is spotless or he is not inexpensive.",
        "If someoneA is not super and not unusual then he is poor ,unless he is not calm.",
        "If someoneA is not wide eyed and not pure then he is not important ,unless he is not calm."
    ],
    "NL_Origin_Question_Text:": "['Oscar is not spotless.', 'Oscar is financial.', 'Oscar is not weary.']",
    "Huam_Question_Label_Lists:": [
        "M",
        "M",
        "M"
    ]
}
{
    "Sample_number:": "20",
    "Resoning_Mode:": "skeptical",
    "Context:": [
        "Craig is lazy.",
        "Craig scoff Atwater.",
        "Craig is not tiny.",
        "Craig is not mysterious.",
        "Craig is bossy.",
        "Craig revere Atwater.",
        "Craig is pregnant.",
        "Craig is not bitter.",
        "Craig is vast.",
        "Craig is not fancy.",
        "Craig is fragile.",
        "If someoneA is not fancy and he scoff someoneB then he is cruel ,unless he is not relieved or he is not sorry.",
        "If someoneA is cruel then he is grieving,unless he is noisy or he is not confused.",
        "If someoneA is not tiny and he revere someoneB then he is not responsible ,unless he is weary.",
        "If someoneA is lazy and fragile then he is not confused ,unless he is grieving.",
        "If someoneA is lazy then he is not patient,unless he is not confused or he is efficient.",
        "If someoneA is not bitter and not responsible then he is weary ,unless he is not responsible.",
        "If someoneA is pregnant then he is dim ,unless he is weary.",
        "If someoneA is vast then he is efficient ,unless he is not patient.",
        "If someoneA is not mysterious then he is not pessimistic ,unless he is weary.",
        "If someoneA is patient and bossy then he is not dull ,unless he is not confused."
    ],
    "NL_Origin_Question_Text:": "['Craig is not cruel.', 'Craig is not grieving.', 'Craig is dim.']",
    "Huam_Question_Label_Lists:": [
        "F",
        "M",
        "T"
    ]
}
{
    "Sample_number:": "21",
    "Resoning_Mode:": "skeptical",
    "Context:": [
        "Galvin does not ridicule Samuel.",
        "Galvin is enthusiastic.",
        "Galvin is not pure.",
        "Galvin is spotless.",
        "Galvin is sensitive.",
        "Galvin is unusual.",
        "Galvin is not alive.",
        "Galvin is not lonely.",
        "Galvin is scared.",
        "Galvin is sorry.",
        "Galvin is pleasant.",
        "Galvin scorn Samuel.",
        "Galvin is not bad tempered.",
        "If someoneA does not ridicule someoneB then he is not blue ,unless he is unlikely.",
        "If someoneA is not alive and not blue then he is grieving ,unless he is muddy.",
        "If someoneA is enthusiastic and not blue then he is calm ,unless he is drab.",
        "If someoneA is sensitive and not bad tempered then he is drab ,unless he is calm.",
        "If someoneA is sorry then he is shrill,unless he is tasty or he is drab.",
        "If someoneA is shrill and pleasant then he is pregnant ,unless he is drab.",
        "If someoneA is unusual and spotless then he is woolen ,unless he is square.",
        "If someoneA is not pure then he is not handsome ,unless he is drab.",
        "If someoneA is scared then he is relieved,unless he is not spotless or he is calm.",
        "If someoneA scorn someoneB and someoneA is not lonely then he is fierce ,unless he is pregnant or he is mysterious."
    ],
    "NL_Origin_Question_Text:": "['Galvin is blue.', 'Galvin is not calm.', 'Galvin is woolen.']",
    "Huam_Question_Label_Lists:": [
        "F",
        "M",
        "T"
    ]
}
{
    "Sample_number:": "22",
    "Resoning_Mode:": "skeptical",
    "Context:": [
        "Kenway is not alert.",
        "Kenway is not brainy.",
        "Kenway is not enthusiastic.",
        "Kenway is eager.",
        "Kenway is not delicious.",
        "Kenway is not cheerful.",
        "Kenway is arrogant.",
        "Kenway is not cruel.",
        "Kenway is not super.",
        "Kenway is not lonely.",
        "Kenway does not poke fun at Milburn.",
        "Kenway is not envious.",
        "Kenway scorn Milburn.",
        "Kenway is nervous.",
        "If someoneA is not super and not envious then he is worrisome ,unless he is not square.",
        "If someoneA is nervous then he is pure,unless he is not dramatic or he is not wide eyed.",
        "If someoneA is not enthusiastic and not lonely then he is not fragile,unless he is not nervous or he is not financial.",
        "If someoneA is pure and not alert then he is not square ,unless he is worrisome.",
        "If someoneA is eager and not pure then he is not financial ,unless he is not fragile.",
        "If someoneA does not poke fun at someoneB then he is not actual,unless he is not financial or he is not distinct.",
        "If someoneA is not cheerful and not cruel then he is lazy,unless he is not fragile or he is not passionate.",
        "If someoneA is arrogant and not delicious then he is not doubtful,unless he is obvious or he is not fragile.",
        "If someoneA is not financial and he scorn someoneB then he is fierce ,unless he is lonely or he is woolen.",
        "If someoneA is not brainy then he is not distinct ,unless he is not actual."
    ],
    "NL_Origin_Question_Text:": "['Kenway is not worrisome.', 'Kenway is not pure.', 'Kenway is not fragile.']",
    "Huam_Question_Label_Lists:": [
        "M",
        "F",
        "T"
    ]
}
{
    "Sample_number:": "23",
    "Resoning_Mode:": "skeptical",
    "Context:": [
        "Jeffrey sneer Kilby.",
        "Jeffrey is not capable.",
        "Jeffrey is not blue.",
        "Jeffrey is not dim.",
        "Jeffrey is not distinct.",
        "Jeffrey is responsible.",
        "Jeffrey is arrogant.",
        "Jeffrey is not pessimistic.",
        "Jeffrey is rich.",
        "Jeffrey is dramatic.",
        "Jeffrey is not sensitive.",
        "Jeffrey is pleasant.",
        "Jeffrey does not scorn Kilby.",
        "If someoneA is not dim and rich then he is not woolen,unless he is not wide eyed or he is handsome.",
        "If someoneA is not blue then he is different ,unless he is not unusual.",
        "If someoneA is not woolen then he is not crystal ,unless he is not important.",
        "If someoneA is not crystal then he is handsome,unless he is not glamorous or he is not woolen.",
        "If someoneA sneer someoneB and someoneA does not scorn someoneB then he is not wide eyed ,unless he is not woolen.",
        "If someoneA is arrogant and responsible then he is poor ,unless he is fancy.",
        "If someoneA is not distinct then he is not important ,unless he is not crystal.",
        "If someoneA is dramatic and not sensitive then he is not glamorous,unless he is handsome or he is weary.",
        "If someoneA is pleasant then he is brainy ,unless he is handsome.",
        "If someoneA is not capable and not pessimistic then he is spotless ,unless he is dull."
    ],
    "NL_Origin_Question_Text:": "['Jeffrey is not woolen.', 'Jeffrey is not different.', 'Jeffrey is brainy.']",
    "Huam_Question_Label_Lists:": [
        "M",
        "F",
        "T"
    ]
}
{
    "Sample_number:": "24",
    "Resoning_Mode:": "skeptical",
    "Context:": [
        "Bartholomew is proud.",
        "Bartholomew is not different.",
        "Bartholomew is handsome.",
        "Bartholomew is unlikely.",
        "Bartholomew is bad tempered.",
        "Bartholomew is wide eyed.",
        "Bartholomew is not modest.",
        "Bartholomew is not crystal.",
        "Bartholomew is huge.",
        "Bartholomew is not foreign.",
        "Bartholomew is not dull.",
        "Bartholomew does not scorn Oswald.",
        "Bartholomew does not sneer Oswald.",
        "Bartholomew is scared.",
        "Bartholomew is not tasty.",
        "If someoneA is wide eyed and proud then he is nasty,unless he is arrogant or he is eager.",
        "If someoneA does not sneer someoneB and someoneA is not different then he is not clumsy ,unless he is shrill.",
        "If someoneA is bad tempered and unlikely then he is doubtful,unless he is not inexpensive or he is pregnant.",
        "If someoneA is handsome and not tasty then he is shrill ,unless he is not clumsy.",
        "If someoneA is huge and shrill then he is not cheerful ,unless he is not dim.",
        "If someoneA is shrill then he is not dim ,unless he is not cheerful.",
        "If someoneA does not scorn someoneB and someoneA is not modest then he is not vast ,unless he is not dim or he is not passionate.",
        "If someoneA is not foreign then he is stupid ,unless he is not dim.",
        "If someoneA is not crystal and shrill then he is lazy ,unless he is cruel.",
        "If someoneA is not dull and scared then he is patient,unless he is not shrill or he is stupid."
    ],
    "NL_Origin_Question_Text:": "['Bartholomew is nasty.', 'Bartholomew is not clumsy.', 'Bartholomew is not doubtful.']",
    "Huam_Question_Label_Lists:": [
        "T",
        "M",
        "F"
    ]
}
{
    "Sample_number:": "25",
    "Resoning_Mode:": "skeptical",
    "Context:": [
        "Grover does not spurn Victor.",
        "Grover is pure.",
        "Grover is handsome.",
        "Grover is bad tempered.",
        "Grover is not wide eyed.",
        "Grover is spotless.",
        "Grover is not muddy.",
        "Grover is not pessimistic.",
        "Grover is impatient.",
        "Grover is not lonely.",
        "Grover is not calm.",
        "Grover is brainy.",
        "Grover is not embarrassed.",
        "If someoneA is not embarrassed and brainy then he is grieving ,unless he is lonely.",
        "If someoneA is not pessimistic and pure then he is lazy ,unless he is not clean.",
        "If someoneA is lazy then he is shrill ,unless he is clean.",
        "If someoneA is shrill then he is clean ,unless he is shrill.",
        "If someoneA is handsome and clean then he is not tasty,unless he is not vast or he is not sensitive.",
        "If someoneA is impatient and not wide eyed then he is obvious ,unless he is not dull.",
        "If someoneA does not spurn someoneB and someoneA is not muddy then he is not sorry ,unless he is not intelligent or he is lazy.",
        "If someoneA is not lonely and obvious then he is not dangerous ,unless he is grieving.",
        "If someoneA is shrill and spotless then he is not mysterious ,unless he is unusual.",
        "If someoneA is not calm and bad tempered then he is not worrisome ,unless he is shrill."
    ],
    "NL_Origin_Question_Text:": "['Grover is not grieving.', 'Grover is shrill.', 'Grover is clean.']",
    "Huam_Question_Label_Lists:": [
        "F",
        "M",
        "M"
    ]
}
{
    "Sample_number:": "26",
    "Resoning_Mode:": "skeptical",
    "Context:": [
        "Laverne is not clean.",
        "Laverne is not confused.",
        "Laverne is not intelligent.",
        "Laverne is cheerful.",
        "Laverne is not dead.",
        "Laverne does not regard Simon.",
        "Laverne is bossy.",
        "Laverne is not efficient.",
        "Laverne is not actual.",
        "Laverne is sorry.",
        "Laverne is not sensitive.",
        "If someoneA is not confused then he is not grieving,unless he is not bad tempered or he is woolen.",
        "If someoneA is sorry then he is scared ,unless he is not poor.",
        "If someoneA is bossy and not intelligent then he is sociable,unless he is not tasty or he is not calm.",
        "If someoneA is sociable then he is not calm,unless he is not vast or he is sociable.",
        "If someoneA is not grieving and cheerful then he is not poor,unless he is dangerous or he is scared.",
        "If someoneA does not regard someoneB and someoneA is not sensitive then he is real ,unless he is huge or he is not arrogant.",
        "If someoneA is not efficient and not grieving then he is not cruel,unless he is not shy or he is not dull.",
        "If someoneA is not clean and not grieving then he is not dull,unless he is not weary or he is not cruel.",
        "If someoneA is not dead and real then he is not stupid ,unless he is scared.",
        "If someoneA is not actual then he is not bad tempered,unless he is not grieving or he is not nasty."
    ],
    "NL_Origin_Question_Text:": "['Laverne is grieving.', 'Laverne is not sociable.', 'Laverne is real.']",
    "Huam_Question_Label_Lists:": [
        "M",
        "F",
        "T"
    ]
}
{
    "Sample_number:": "27",
    "Resoning_Mode:": "skeptical",
    "Context:": [
        "Gavin spurn Alan.",
        "Gavin is not difficult.",
        "Gavin is not bossy.",
        "Gavin is inexpensive.",
        "Gavin is not dead.",
        "Gavin is rich.",
        "Gavin is not shy.",
        "Gavin is not poor.",
        "Gavin is doubtful.",
        "If someoneA is not impatient then he is sociable,unless he is young or he is not handsome.",
        "If someoneA is not difficult and inexpensive then he is nasty ,unless he is proud.",
        "If someoneA is nasty then he is not gorgeous ,unless he is shrill.",
        "If someoneA is not shy then he is shrill ,unless he is not gorgeous.",
        "If someoneA spurn someoneB and someoneA is doubtful then he is obvious ,unless he is not gorgeous or he is wide eyed.",
        "If someoneA is not dead and not gorgeous then he is not wide eyed ,unless he is not impatient.",
        "If someoneA is not bossy and not poor then he is not suspicious ,unless he is calm.",
        "If someoneA is sociable then he is not actual ,unless he is not gorgeous.",
        "If someoneA is rich then he is not impatient,unless he is not wide eyed or he is fragile.",
        "If someoneA is not difficult then he is responsible ,unless he is not gorgeous."
    ],
    "NL_Origin_Question_Text:": "['Gavin is sociable.', 'Gavin is nasty.', 'Gavin is suspicious.']",
    "Huam_Question_Label_Lists:": [
        "M",
        "T",
        "F"
    ]
}
{
    "Sample_number:": "28",
    "Resoning_Mode:": "skeptical",
    "Context:": [
        "Julian is not intelligent.",
        "Julian does not ridicule Samuel.",
        "Julian is not patient.",
        "Julian is real.",
        "Julian is not weary.",
        "Julian is not kind.",
        "Julian is not dim.",
        "Julian is alive.",
        "Julian is not unlikely.",
        "Julian is rich.",
        "Julian is sorry.",
        "If someoneA is rich then he is super ,unless he is not sorry.",
        "If someoneA is not intelligent and sorry then he is poor ,unless he is brainy.",
        "If someoneA is not weary then he is not black ,unless he is not different.",
        "If someoneA is poor then he is not shrill ,unless he is super.",
        "If someoneA is not kind then he is not proud ,unless he is not dull.",
        "If someoneA does not ridicule someoneB and someoneA is not patient then he is brainy ,unless he is poor.",
        "If someoneA is not dim then he is worrisome,unless he is not muddy or he is not shrill.",
        "If someoneA is not unlikely then he is not muddy,unless he is sensitive or he is worrisome.",
        "If someoneA is not proud and alive then he is obvious,unless he is poor or he is doubtful.",
        "If someoneA is real then he is not crystal,unless he is not stupid or he is kind."
    ],
    "NL_Origin_Question_Text:": "['Julian is not super.', 'Julian is not poor.', 'Julian is not black.']",
    "Huam_Question_Label_Lists:": [
        "F",
        "M",
        "T"
    ]
}
{
    "Sample_number:": "29",
    "Resoning_Mode:": "skeptical",
    "Context:": [
        "Vivian spurn Philip.",
        "Vivian is dangerous.",
        "Vivian is square.",
        "Vivian is not enthusiastic.",
        "Vivian does not revere Philip.",
        "Vivian does not respect Philip.",
        "Vivian is intelligent.",
        "Vivian is relieved.",
        "Vivian is stupid.",
        "Vivian is not pleasant.",
        "Vivian is scared.",
        "Vivian is not shrill.",
        "Vivian is not bad tempered.",
        "Vivian is obvious.",
        "If someoneA is relieved and stupid then he is not sociable ,unless he is not bad tempered.",
        "If someoneA spurn someoneB and someoneA does not respect someoneB then he is not suspicious ,unless he is not tasty or he is not alert.",
        "If someoneA is not pleasant and not enthusiastic then he is black,unless he is not alert or he is important.",
        "If someoneA is not sociable then he is important,unless he is not tiny or he is black.",
        "If someoneA is square and not bad tempered then he is unusual ,unless he is confused.",
        "If someoneA is obvious and he does not revere someoneB then he is not tiny ,unless he is important.",
        "If someoneA is scared and dangerous then he is actual,unless he is not tiny or he is calm.",
        "If someoneA is intelligent and actual then he is not alert ,unless he is black.",
        "If someoneA is black then he is calm ,unless he is actual.",
        "If someoneA is not shrill then he is lazy ,unless he is important."
    ],
    "NL_Origin_Question_Text:": "['Vivian is sociable.', 'Vivian is suspicious.', 'Vivian is black.']",
    "Huam_Question_Label_Lists:": [
        "M",
        "F",
        "M"
    ]
}
{
    "Sample_number:": "30",
    "Resoning_Mode:": "skeptical",
    "Context:": [
        "Ivan is not pregnant.",
        "Ivan is efficient.",
        "Ivan is poor.",
        "Ivan is not pure.",
        "Ivan is nervous.",
        "Ivan is not kind.",
        "Ivan is fierce.",
        "Ivan is embarrassed.",
        "Ivan is huge.",
        "Ivan is not unlikely.",
        "Ivan is relieved.",
        "Ivan is not pleasant.",
        "Ivan is not bitter.",
        "Ivan is grieving.",
        "If someoneA is dangerous then he is eager ,unless he is crystal.",
        "If someoneA is eager and not unlikely then he is different,unless he is fancy or he is not capable.",
        "If someoneA is different then he is stupid,unless he is not financial or he is dangerous.",
        "If someoneA is huge and not bitter then he is not capable,unless he is distinct or he is different.",
        "If someoneA is efficient and not pleasant then he is dangerous ,unless he is stupid.",
        "If someoneA is embarrassed then he is not financial ,unless he is stupid.",
        "If someoneA is fierce and relieved then he is crystal,unless he is stupid or he is eager.",
        "If someoneA is grieving and poor then he is not alert ,unless he is stupid.",
        "If someoneA is not pure and not kind then he is distinct ,unless he is not capable.",
        "If someoneA is not pregnant and nervous then he is noisy ,unless he is crystal."
    ],
    "NL_Origin_Question_Text:": "['Ivan is eager.', 'Ivan is not dangerous.', 'Ivan is not financial.']",
    "Huam_Question_Label_Lists:": [
        "M",
        "M",
        "M"
    ]
}
{
    "Sample_number:": "31",
    "Resoning_Mode:": "skeptical",
    "Context:": [
        "Vivian is lazy.",
        "Vivian is bitter.",
        "Vivian is not pure.",
        "Vivian is not arrogant.",
        "Vivian is glamorous.",
        "Vivian is not woolen.",
        "Vivian is not dim.",
        "Vivian is pessimistic.",
        "Vivian sneer Nicole.",
        "Vivian is confused.",
        "Vivian is sensitive.",
        "Vivian is impatient.",
        "Vivian praise Nicole.",
        "Vivian is scared.",
        "If someoneA is sensitive and impatient then he is embarrassed ,unless he is tasty.",
        "If someoneA is not woolen and pessimistic then he is not obvious ,unless he is not tasty.",
        "If someoneA is glamorous and not obvious then he is nasty ,unless he is not poor.",
        "If someoneA praise someoneB and someoneA is scared then he is fancy ,unless he is not filthy or he is not kind.",
        "If someoneA is not arrogant and not pure then he is not tasty ,unless he is not obvious.",
        "If someoneA is not obvious then he is not poor,unless he is not young or he is nasty.",
        "If someoneA is confused and bitter then he is delicious ,unless he is not tasty.",
        "If someoneA is not tasty and not dim then he is not distinct ,unless he is delicious.",
        "If someoneA is not embarrassed and he sneer someoneB then he is not nervous ,unless he is not obvious.",
        "If someoneA is lazy then he is envious ,unless he is not tasty."
    ],
    "NL_Origin_Question_Text:": "['Vivian is not embarrassed.', 'Vivian is obvious.', 'Vivian is fancy.']",
    "Huam_Question_Label_Lists:": [
        "F",
        "M",
        "T"
    ]
}
{
    "Sample_number:": "32",
    "Resoning_Mode:": "skeptical",
    "Context:": [
        "Kevin is proud.",
        "Kevin is not patient.",
        "Kevin is not intelligent.",
        "Kevin scoff Jeffrey.",
        "Kevin is not arrogant.",
        "Kevin is not dim.",
        "Kevin is modest.",
        "Kevin is not dead.",
        "Kevin is not dramatic.",
        "Kevin is woolen.",
        "Kevin poke fun at Jeffrey.",
        "Kevin is not drab.",
        "Kevin is not known.",
        "Kevin is fragile.",
        "Kevin is nervous.",
        "If someoneA scoff someoneB and someoneA is woolen then he is spotless ,unless he is relieved.",
        "If someoneA is not dim and not patient then he is doubtful ,unless he is black.",
        "If someoneA is not dead and proud then he is not envious,unless he is sorry or he is bitter.",
        "If someoneA is not dramatic and not doubtful then he is relieved,unless he is not mysterious or he is spotless.",
        "If someoneA is not known and not drab then he is black,unless he is sorry or he is not handsome.",
        "If someoneA is fragile and nervous then he is not mysterious,unless he is relieved or he is rich.",
        "If someoneA poke fun at someoneB then he is foreign,unless he is not sensitive or he is not dramatic.",
        "If someoneA is modest then he is kind,unless he is not dangerous or he is not sorry.",
        "If someoneA is spotless and not arrogant then he is filthy,unless he is spotless or he is not confused.",
        "If someoneA is not intelligent then he is not worrisome,unless he is not huge or he is responsible."
    ],
    "NL_Origin_Question_Text:": "['Kevin is spotless.', 'Kevin is not doubtful.', 'Kevin is mysterious.']",
    "Huam_Question_Label_Lists:": [
        "T",
        "M",
        "M"
    ]
}
{
    "Sample_number:": "33",
    "Resoning_Mode:": "skeptical",
    "Context:": [
        "Gavin is not different.",
        "Gavin is dull.",
        "Gavin is sociable.",
        "Gavin is dim.",
        "Gavin is envious.",
        "Gavin is wide eyed.",
        "Gavin is sensitive.",
        "Gavin is not mysterious.",
        "Gavin is not actual.",
        "Gavin is sorry.",
        "If someoneA is not square and not different then he is not difficult,unless he is not shy or he is not lazy.",
        "If someoneA is not difficult then he is not proud ,unless he is distinct.",
        "If someoneA is not actual and not square then he is grieving,unless he is not shrill or he is weary.",
        "If someoneA is not proud and dim then he is distinct ,unless he is not proud.",
        "If someoneA is dull then he is not square,unless he is not proud or he is not known.",
        "If someoneA is not proud then he is calm,unless he is actual or he is not proud.",
        "If someoneA is sensitive and sociable then he is not lazy,unless he is obvious or he is not difficult.",
        "If someoneA is envious and wide eyed then he is not relieved,unless he is inexpensive or he is calm.",
        "If someoneA is not mysterious then he is obvious,unless he is not lazy or he is honest.",
        "If someoneA is grieving and sorry then he is not shrill,unless he is grieving or he is not brainy."
    ],
    "NL_Origin_Question_Text:": "['Gavin is not difficult.', 'Gavin is grieving.', 'Gavin is square.']",
    "Huam_Question_Label_Lists:": [
        "M",
        "M",
        "M"
    ]
}
{
    "Sample_number:": "34",
    "Resoning_Mode:": "skeptical",
    "Context:": [
        "Vivian is filthy.",
        "Vivian is super.",
        "Vivian is not modest.",
        "Vivian is sensitive.",
        "Vivian is not dangerous.",
        "Vivian is vast.",
        "Vivian is not fierce.",
        "Vivian is not envious.",
        "Vivian is not suspicious.",
        "Vivian does not scoff Kenneth.",
        "If someoneA is not modest then he is not fragile ,unless he is efficient.",
        "If someoneA is not envious then he is calm,unless he is not blue or he is alive.",
        "If someoneA is super and filthy then he is pessimistic ,unless he is not delicious.",
        "If someoneA is not pessimistic and not fierce then he is not delicious,unless he is not patient or he is not dangerous.",
        "If someoneA does not scoff someoneB then he is efficient ,unless he is not fragile.",
        "If someoneA is not fragile then he is not difficult ,unless he is not poor.",
        "If someoneA is not suspicious and not dangerous then he is not patient,unless he is not delicious or he is dim.",
        "If someoneA is not patient then he is not embarrassed ,unless he is not fragile.",
        "If someoneA is sensitive and vast then he is not different,unless he is not embarrassed or he is crystal.",
        "If someoneA does not scoff someoneB and someoneA is super then he is not poor ,unless he is not difficult."
    ],
    "NL_Origin_Question_Text:": "['Vivian is not fragile.', 'Vivian is calm.', 'Vivian is not pessimistic.']",
    "Huam_Question_Label_Lists:": [
        "M",
        "T",
        "F"
    ]
}
{
    "Sample_number:": "35",
    "Resoning_Mode:": "skeptical",
    "Context:": [
        "Victor is not numerous.",
        "Victor is clean.",
        "Victor is poor.",
        "Victor respect Sebastian.",
        "Victor is not blue.",
        "Victor is not sorry.",
        "Victor is shy.",
        "Victor is alive.",
        "Victor is huge.",
        "Victor is not dramatic.",
        "Victor is not young.",
        "Victor is bossy.",
        "Victor does not poke fun at Sebastian.",
        "Victor scorn Sebastian.",
        "If someoneA is not young then he is not muddy,unless he is not black or he is not tasty.",
        "If someoneA is not dramatic and not blue then he is not inexpensive,unless he is not lonely or he is not bitter.",
        "If someoneA scorn someoneB and someoneA is not inexpensive then he is not intelligent ,unless he is doubtful.",
        "If someoneA does not poke fun at someoneB then he is not lonely,unless he is not inexpensive or he is mysterious.",
        "If someoneA is clean then he is doubtful,unless he is not fierce or he is not intelligent.",
        "If someoneA is shy and huge then he is not fierce,unless he is doubtful or he is not filthy.",
        "If someoneA is poor then he is not tiny ,unless he is not shy.",
        "If someoneA respect someoneB and someoneA is bossy then he is not filthy ,unless he is not fierce or he is not pregnant.",
        "If someoneA is not sorry and alive then he is not lazy ,unless he is not tiny.",
        "If someoneA is not numerous then he is not delicious,unless he is known or he is not dim."
    ],
    "NL_Origin_Question_Text:": "['Victor is not muddy.', 'Victor is inexpensive.', 'Victor is tiny.']",
    "Huam_Question_Label_Lists:": [
        "T",
        "M",
        "F"
    ]
}
{
    "Sample_number:": "36",
    "Resoning_Mode:": "skeptical",
    "Context:": [
        "Benjamin is important.",
        "Benjamin is blue.",
        "Benjamin is not capable.",
        "Benjamin is shrill.",
        "Benjamin scoff Harold.",
        "Benjamin is fierce.",
        "Benjamin is not clumsy.",
        "Benjamin does not regard Harold.",
        "Benjamin is sensitive.",
        "Benjamin is relieved.",
        "Benjamin is not glamorous.",
        "Benjamin revere Harold.",
        "Benjamin is pregnant.",
        "Benjamin is not embarrassed.",
        "If someoneA is not clumsy then he is not arrogant,unless he is financial or he is not scared.",
        "If someoneA is not glamorous and he revere someoneB then he is lonely ,unless he is not woolen or he is not pure.",
        "If someoneA is not capable and blue then he is not passionate ,unless he is not tiny.",
        "If someoneA is not clumsy and important then he is not muddy ,unless he is not pure.",
        "If someoneA does not regard someoneB and someoneA revere someoneB then he is patient ,unless he is not suspicious.",
        "If someoneA is fierce and not lonely then he is not pure ,unless he is not muddy.",
        "If someoneA is shrill then he is not dramatic ,unless he is dull.",
        "If someoneA is sensitive and relieved then he is not square,unless he is not pure or he is not alive.",
        "If someoneA is not embarrassed and he scoff someoneB then he is impatient ,unless he is not unlikely or he is not muddy.",
        "If someoneA is pregnant then he is not unlikely ,unless he is impatient."
    ],
    "NL_Origin_Question_Text:": "['Benjamin is not arrogant.', 'Benjamin is not lonely.', 'Benjamin is not pure.']",
    "Huam_Question_Label_Lists:": [
        "T",
        "M",
        "M"
    ]
}
{
    "Sample_number:": "37",
    "Resoning_Mode:": "skeptical",
    "Context:": [
        "Rhett is tasty.",
        "Rhett is handsome.",
        "Rhett is crystal.",
        "Rhett is clean.",
        "Rhett is dim.",
        "Rhett is not arrogant.",
        "Rhett is glamorous.",
        "Rhett is financial.",
        "Rhett is not foreign.",
        "Rhett is relieved.",
        "Rhett does not sneer Garret.",
        "Rhett is not envious.",
        "Rhett is known.",
        "Rhett is delicious.",
        "Rhett is fragile.",
        "If someoneA is fragile and tasty then he is not responsible ,unless he is pessimistic.",
        "If someoneA is not responsible and crystal then he is dangerous,unless he is confused or he is not dull.",
        "If someoneA is relieved and dangerous then he is not actual ,unless he is not colorful.",
        "If someoneA is not envious and financial then he is not lonely ,unless he is not woolen.",
        "If someoneA is clean and known then he is not numerous ,unless he is not distinct.",
        "If someoneA is delicious and glamorous then he is tiny ,unless he is actual.",
        "If someoneA is dim then he is pessimistic ,unless he is not responsible.",
        "If someoneA is handsome and not foreign then he is not dull,unless he is dangerous or he is woolen.",
        "If someoneA is handsome and he does not sneer someoneB then he is not distinct ,unless he is clean or he is not numerous.",
        "If someoneA is not arrogant then he is not intelligent ,unless he is tiny."
    ],
    "NL_Origin_Question_Text:": "['Rhett is not responsible.', 'Rhett is lonely.', 'Rhett is not numerous.']",
    "Huam_Question_Label_Lists:": [
        "M",
        "F",
        "T"
    ]
}
{
    "Sample_number:": "38",
    "Resoning_Mode:": "skeptical",
    "Context:": [
        "Vivian regard Kevin.",
        "Vivian is crystal.",
        "Vivian is not brainy.",
        "Vivian is not real.",
        "Vivian is blue.",
        "Vivian scoff Kevin.",
        "Vivian is eager.",
        "Vivian is not delicious.",
        "Vivian is not kind.",
        "Vivian is not modest.",
        "Vivian is not responsible.",
        "Vivian is not square.",
        "Vivian is difficult.",
        "If someoneA scoff someoneB and someoneA is not delicious then he is not muddy ,unless he is not sorry.",
        "If someoneA is not muddy and he regard someoneB then he is bitter ,unless he is sensitive.",
        "If someoneA is eager then he is not noisy ,unless he is not young.",
        "If someoneA is not kind then he is not sorry,unless he is not muddy or he is not responsible.",
        "If someoneA is blue then he is capable ,unless he is pure.",
        "If someoneA is capable and not responsible then he is not sensitive ,unless he is not sociable.",
        "If someoneA regard someoneB and someoneA is difficult then he is not unusual ,unless he is cheerful or he is not modest.",
        "If someoneA is crystal and not square then he is not sociable ,unless he is not sensitive.",
        "If someoneA is not modest and not brainy then he is pure ,unless he is capable.",
        "If someoneA is not capable and not real then he is intelligent,unless he is bitter or he is important."
    ],
    "NL_Origin_Question_Text:": "['Vivian is not muddy.', 'Vivian is not bitter.', 'Vivian is not sorry.']",
    "Huam_Question_Label_Lists:": [
        "M",
        "M",
        "M"
    ]
}
{
    "Sample_number:": "39",
    "Resoning_Mode:": "skeptical",
    "Context:": [
        "Grover is dangerous.",
        "Grover is honest.",
        "Grover is not brainy.",
        "Grover is spotless.",
        "Grover scoff Roger.",
        "Grover is not modest.",
        "Grover is muddy.",
        "Grover does not regard Roger.",
        "Grover is not unlikely.",
        "Grover is colorful.",
        "Grover is not glamorous.",
        "Grover is not poor.",
        "Grover is not fancy.",
        "Grover is not suspicious.",
        "Grover is foreign.",
        "If someoneA is honest and not unlikely then he is not kind ,unless he is not wide eyed.",
        "If someoneA is foreign and not suspicious then he is not sociable,unless he is not grieving or he is not dim.",
        "If someoneA is dangerous and not sociable then he is bossy ,unless he is doubtful.",
        "If someoneA is muddy and he does not regard someoneB then he is doubtful ,unless he is bossy.",
        "If someoneA is spotless and not fancy then he is bad tempered ,unless he is bossy.",
        "If someoneA is not brainy and colorful then he is obvious ,unless he is actual.",
        "If someoneA is not modest then he is not dim,unless he is glamorous or he is not sociable.",
        "If someoneA scoff someoneB then he is not clumsy,unless he is doubtful or he is not confused.",
        "If someoneA is not poor then he is not grieving,unless he is not sociable or he is noisy.",
        "If someoneA is not glamorous and he does not regard someoneB then he is wide eyed ,unless he is doubtful or he is colorful."
    ],
    "NL_Origin_Question_Text:": "['Grover is not kind.', 'Grover is not sociable.', 'Grover is not obvious.']",
    "Huam_Question_Label_Lists:": [
        "T",
        "M",
        "F"
    ]
}
{
    "Sample_number:": "40",
    "Resoning_Mode:": "skeptical",
    "Context:": [
        "Julian is enthusiastic.",
        "Julian is not alert.",
        "Julian is not huge.",
        "Julian is not weary.",
        "Julian is inexpensive.",
        "Julian is not crystal.",
        "Julian is not clumsy.",
        "Julian is dead.",
        "Julian is not nasty.",
        "Julian does not poke fun at Robin.",
        "Julian is not embarrassed.",
        "Julian is delicious.",
        "Julian is not suspicious.",
        "If someoneA is delicious then he is not pessimistic,unless he is glamorous or he is sensitive.",
        "If someoneA is not pessimistic and he does not poke fun at someoneB then he is dull ,unless he is not square.",
        "If someoneA is not suspicious and not crystal then he is not lazy ,unless he is patient.",
        "If someoneA is not huge and not weary then he is not noisy ,unless he is lazy.",
        "If someoneA is inexpensive and not clumsy then he is young ,unless he is not noisy.",
        "If someoneA is not embarrassed and dull then he is intelligent ,unless he is young.",
        "If someoneA is dead then he is not pure ,unless he is intelligent.",
        "If someoneA is enthusiastic then he is not envious ,unless he is not noisy.",
        "If someoneA is not alert then he is not cheerful ,unless he is not envious.",
        "If someoneA is not nasty then he is tasty ,unless he is not pure."
    ],
    "NL_Origin_Question_Text:": "['Julian is not pessimistic.', 'Julian is lazy.', 'Julian is young.']",
    "Huam_Question_Label_Lists:": [
        "T",
        "F",
        "M"
    ]
}
{
    "Sample_number:": "41",
    "Resoning_Mode:": "skeptical",
    "Context:": [
        "Abbott is pure.",
        "Abbott is not confused.",
        "Abbott is enthusiastic.",
        "Abbott is bad tempered.",
        "Abbott is not different.",
        "Abbott is not crystal.",
        "Abbott is not responsible.",
        "Abbott is not clumsy.",
        "Abbott poke fun at Quentin.",
        "Abbott is not calm.",
        "If someoneA is enthusiastic and not crystal then he is not handsome ,unless he is eager.",
        "If someoneA is not responsible and pure then he is not sorry,unless he is clumsy or he is not filthy.",
        "If someoneA is not confused and not clumsy then he is sensitive ,unless he is not delicious.",
        "If someoneA is handsome and bad tempered then he is not nervous ,unless he is not sociable.",
        "If someoneA is sensitive then he is not delicious ,unless he is sensitive.",
        "If someoneA is sensitive and not different then he is poor ,unless he is not delicious.",
        "If someoneA is not handsome and not calm then he is eager ,unless he is suspicious.",
        "If someoneA poke fun at someoneB then he is not brainy ,unless he is not weary.",
        "If someoneA is sensitive and not handsome then he is suspicious ,unless he is eager.",
        "If someoneA is not eager then he is not filthy ,unless he is not sorry."
    ],
    "NL_Origin_Question_Text:": "['Abbott is handsome.', 'Abbott is not sorry.', 'Abbott is nervous.']",
    "Huam_Question_Label_Lists:": [
        "M",
        "M",
        "M"
    ]
}
{
    "Sample_number:": "42",
    "Resoning_Mode:": "skeptical",
    "Context:": [
        "Troy is not impatient.",
        "Troy is not fragile.",
        "Troy is lazy.",
        "Troy is sociable.",
        "Troy is unlikely.",
        "Troy is not arrogant.",
        "Troy is envious.",
        "Troy does not praise Janessa.",
        "Troy is not cheerful.",
        "Troy is not handsome.",
        "Troy is not clumsy.",
        "Troy poke fun at Janessa.",
        "Troy is known.",
        "Troy is capable.",
        "If someoneA is unlikely and envious then he is nasty ,unless he is dangerous.",
        "If someoneA is sociable then he is kind ,unless he is not bad tempered.",
        "If someoneA is not fragile and he does not praise someoneB then he is noisy ,unless he is mysterious or he is spotless.",
        "If someoneA is not nasty and not clumsy then he is mysterious ,unless he is noisy.",
        "If someoneA is not cheerful and he poke fun at someoneB then he is not difficult ,unless he is mysterious.",
        "If someoneA is known then he is dangerous ,unless he is poor.",
        "If someoneA is not arrogant then he is not super,unless he is not nervous or he is not difficult.",
        "If someoneA is not handsome and lazy then he is distinct,unless he is cruel or he is not difficult.",
        "If someoneA is unlikely then he is tiny,unless he is not passionate or he is kind.",
        "If someoneA is not impatient and capable then he is not nervous ,unless he is not super."
    ],
    "NL_Origin_Question_Text:": "['Troy is not nasty.', 'Troy is kind.', 'Troy is difficult.']",
    "Huam_Question_Label_Lists:": [
        "M",
        "T",
        "F"
    ]
}
{
    "Sample_number:": "43",
    "Resoning_Mode:": "skeptical",
    "Context:": [
        "Carrick is enthusiastic.",
        "Carrick is blue.",
        "Carrick is not delicious.",
        "Carrick is not woolen.",
        "Carrick is not bossy.",
        "Carrick is confused.",
        "Carrick is not tiny.",
        "Carrick is not responsible.",
        "Carrick is not cruel.",
        "Carrick is difficult.",
        "Carrick is worrisome.",
        "Carrick is nasty.",
        "Carrick is scared.",
        "Carrick is muddy.",
        "If someoneA is confused then he is real ,unless he is not intelligent.",
        "If someoneA is scared and not woolen then he is weary ,unless he is not clumsy.",
        "If someoneA is worrisome and muddy then he is sociable,unless he is not known or he is not young.",
        "If someoneA is not delicious and not bossy then he is relieved ,unless he is not suspicious.",
        "If someoneA is not cruel then he is not clumsy ,unless he is weary.",
        "If someoneA is not tiny and blue then he is not pure,unless he is weary or he is not alert.",
        "If someoneA is nasty then he is not known ,unless he is sociable.",
        "If someoneA is difficult and not responsible then he is grieving,unless he is gorgeous or he is fierce.",
        "If someoneA is not known and not tiny then he is not alert ,unless he is not pure.",
        "If someoneA is sociable and enthusiastic then he is not fragile ,unless he is not alert."
    ],
    "NL_Origin_Question_Text:": "['Carrick is not real.', 'Carrick is not weary.', 'Carrick is grieving.']",
    "Huam_Question_Label_Lists:": [
        "F",
        "M",
        "T"
    ]
}
{
    "Sample_number:": "44",
    "Resoning_Mode:": "skeptical",
    "Context:": [
        "Arnold is dull.",
        "Arnold is drab.",
        "Arnold is real.",
        "Arnold is not wide eyed.",
        "Arnold is not blue.",
        "Arnold is not distinct.",
        "Arnold is fancy.",
        "Arnold is sorry.",
        "Arnold is not lonely.",
        "Arnold is not spotless.",
        "Arnold is doubtful.",
        "Arnold is scared.",
        "Arnold is nasty.",
        "If someoneA is drab then he is not gorgeous ,unless he is not dead.",
        "If someoneA is doubtful and scared then he is dangerous ,unless he is not alive.",
        "If someoneA is real and fancy then he is woolen,unless he is alert or he is not shy.",
        "If someoneA is not gorgeous then he is not pleasant ,unless he is not embarrassed.",
        "If someoneA is not blue and sorry then he is not embarrassed,unless he is not pleasant or he is shrill.",
        "If someoneA is not wide eyed and not lonely then he is not dead ,unless he is not gorgeous.",
        "If someoneA is not spotless then he is not nervous,unless he is cruel or he is not pleasant.",
        "If someoneA is dull and nasty then he is cruel ,unless he is not nervous.",
        "If someoneA is not embarrassed then he is weary ,unless he is not glamorous.",
        "If someoneA is not distinct and not nervous then he is not glamorous,unless he is woolen or he is weary."
    ],
    "NL_Origin_Question_Text:": "['Arnold is not gorgeous.', 'Arnold is not dangerous.', 'Arnold is woolen.']",
    "Huam_Question_Label_Lists:": [
        "M",
        "F",
        "T"
    ]
}
{
    "Sample_number:": "45",
    "Resoning_Mode:": "skeptical",
    "Context:": [
        "Atwood is not proud.",
        "Atwood is bitter.",
        "Atwood regard Samuel.",
        "Atwood is brainy.",
        "Atwood is young.",
        "Atwood is not crystal.",
        "Atwood is responsible.",
        "Atwood is not gorgeous.",
        "Atwood is sorry.",
        "Atwood is not inexpensive.",
        "Atwood revere Samuel.",
        "Atwood is pregnant.",
        "Atwood is dramatic.",
        "Atwood is nasty.",
        "If someoneA is responsible and dramatic then he is not sensitive ,unless he is wide eyed.",
        "If someoneA is not crystal and nasty then he is bad tempered ,unless he is not pleasant.",
        "If someoneA is not inexpensive and not sensitive then he is muddy,unless he is tasty or he is not intelligent.",
        "If someoneA is brainy and bitter then he is not pleasant ,unless he is bad tempered.",
        "If someoneA is young then he is not rich,unless he is foreign or he is not known.",
        "If someoneA regard someoneB then he is tasty,unless he is noisy or he is muddy.",
        "If someoneA is sorry and responsible then he is not actual,unless he is calm or he is known.",
        "If someoneA is not proud and he revere someoneB then he is wide eyed ,unless he is not sensitive or he is brainy.",
        "If someoneA is not pleasant then he is noisy,unless he is tasty or he is not honest.",
        "If someoneA is not gorgeous and pregnant then he is not intelligent,unless he is dim or he is muddy."
    ],
    "NL_Origin_Question_Text:": "['Atwood is sensitive.', 'Atwood is not bad tempered.', 'Atwood is not rich.']",
    "Huam_Question_Label_Lists:": [
        "M",
        "M",
        "T"
    ]
}
{
    "Sample_number:": "46",
    "Resoning_Mode:": "skeptical",
    "Context:": [
        "Oswald does not spurn Riley.",
        "Oswald is dangerous.",
        "Oswald is honest.",
        "Oswald is dull.",
        "Oswald is poor.",
        "Oswald is not woolen.",
        "Oswald is numerous.",
        "Oswald is not foreign.",
        "Oswald is passionate.",
        "Oswald is not difficult.",
        "Oswald is gorgeous.",
        "Oswald does not sneer Riley.",
        "If someoneA does not spurn someoneB then he is efficient ,unless he is not nasty.",
        "If someoneA is not difficult and numerous then he is not alive ,unless he is not muddy.",
        "If someoneA does not sneer someoneB and someoneA is honest then he is obvious ,unless he is dramatic or he is bad tempered.",
        "If someoneA is obvious and passionate then he is not muddy,unless he is foreign or he is not alive.",
        "If someoneA is not foreign and not woolen then he is tasty,unless he is not modest or he is not cheerful.",
        "If someoneA is dangerous then he is not cheerful,unless he is not efficient or he is responsible.",
        "If someoneA is tasty and not foreign then he is not enthusiastic ,unless he is efficient.",
        "If someoneA is dull and poor then he is not modest,unless he is tasty or he is not muddy.",
        "If someoneA is gorgeous then he is responsible ,unless he is not cheerful.",
        "If someoneA is enthusiastic then he is shy ,unless he is responsible."
    ],
    "NL_Origin_Question_Text:": "['Oswald is not efficient.', 'Oswald is not alive.', 'Oswald is obvious.']",
    "Huam_Question_Label_Lists:": [
        "F",
        "M",
        "T"
    ]
}
{
    "Sample_number:": "47",
    "Resoning_Mode:": "skeptical",
    "Context:": [
        "Nathaniel is pure.",
        "Nathaniel is not patient.",
        "Nathaniel is crystal.",
        "Nathaniel is poor.",
        "Nathaniel is drab.",
        "Nathaniel is not unusual.",
        "Nathaniel is handsome.",
        "Nathaniel is not bossy.",
        "Nathaniel is proud.",
        "Nathaniel is not tasty.",
        "Nathaniel is different.",
        "If someoneA is not bossy then he is super ,unless he is not crystal.",
        "If someoneA is different and super then he is brainy ,unless he is not sensitive.",
        "If someoneA is pure and brainy then he is not known,unless he is not fierce or he is sensitive.",
        "If someoneA is super and not tasty then he is sensitive,unless he is not clumsy or he is not known.",
        "If someoneA is not patient and not brainy then he is not arrogant,unless he is not actual or he is not proud.",
        "If someoneA is crystal and poor then he is not shrill,unless he is super or he is not dramatic.",
        "If someoneA is drab then he is not fancy ,unless he is dim.",
        "If someoneA is not fancy then he is not clumsy,unless he is not vast or he is sensitive.",
        "If someoneA is not unusual and handsome then he is not fierce ,unless he is not known.",
        "If someoneA is brainy and proud then he is dim,unless he is not fancy or he is lazy."
    ],
    "NL_Origin_Question_Text:": "['Nathaniel is super.', 'Nathaniel is not brainy.', 'Nathaniel is known.']",
    "Huam_Question_Label_Lists:": [
        "T",
        "M",
        "M"
    ]
}
{
    "Sample_number:": "48",
    "Resoning_Mode:": "skeptical",
    "Context:": [
        "Clyde does not ridicule Victor.",
        "Clyde is crystal.",
        "Clyde is bad tempered.",
        "Clyde respect Victor.",
        "Clyde is not weary.",
        "Clyde is not distinct.",
        "Clyde is not modest.",
        "Clyde is pessimistic.",
        "Clyde is not tiny.",
        "Clyde is not alive.",
        "Clyde is rich.",
        "Clyde does not scorn Victor.",
        "Clyde is nasty.",
        "If someoneA is not tiny and nasty then he is clean,unless he is not colorful or he is dead.",
        "If someoneA is not alive and he does not ridicule someoneB then he is not lazy ,unless he is not actual or he is known.",
        "If someoneA is not distinct and clean then he is passionate,unless he is sociable or he is cruel.",
        "If someoneA is not weary and he respect someoneB then he is not fierce ,unless he is not scared.",
        "If someoneA is crystal and not dangerous then he is cruel,unless he is not sorry or he is not scared.",
        "If someoneA is not lazy then he is sociable ,unless he is passionate.",
        "If someoneA is clean then he is not sorry ,unless he is cruel.",
        "If someoneA does not scorn someoneB and someoneA is bad tempered then he is known ,unless he is not lazy.",
        "If someoneA is not modest and rich then he is not dangerous ,unless he is passionate.",
        "If someoneA is known and pessimistic then he is not envious ,unless he is passionate."
    ],
    "NL_Origin_Question_Text:": "['Clyde is not clean.', 'Clyde is lazy.', 'Clyde is not fierce.']",
    "Huam_Question_Label_Lists:": [
        "F",
        "M",
        "T"
    ]
}
{
    "Sample_number:": "49",
    "Resoning_Mode:": "skeptical",
    "Context:": [
        "Alden is important.",
        "Alden is honest.",
        "Alden respect Oswald.",
        "Alden is blue.",
        "Alden is not scared.",
        "Alden is not muddy.",
        "Alden is suspicious.",
        "Alden is impatient.",
        "Alden is not drab.",
        "Alden is not nasty.",
        "Alden is tiny.",
        "Alden is pleasant.",
        "Alden is foreign.",
        "If someoneA is suspicious then he is not clumsy ,unless he is not fancy.",
        "If someoneA is blue and not drab then he is not crystal ,unless he is clean.",
        "If someoneA is not muddy and not scared then he is not relieved ,unless he is bitter.",
        "If someoneA is not relieved and he respect someoneB then he is bitter ,unless he is not relieved.",
        "If someoneA is honest then he is clean,unless he is not crystal or he is not colorful.",
        "If someoneA is not nasty then he is not gorgeous ,unless he is bitter.",
        "If someoneA is clean then he is passionate ,unless he is sociable.",
        "If someoneA is blue and foreign then he is sociable,unless he is passionate or he is intelligent.",
        "If someoneA is tiny and important then he is not fancy,unless he is passionate or he is not clumsy.",
        "If someoneA is impatient and pleasant then he is not unusual ,unless he is not clumsy."
    ],
    "NL_Origin_Question_Text:": "['Alden is clumsy.', 'Alden is relieved.', 'Alden is not gorgeous.']",
    "Huam_Question_Label_Lists:": [
        "M",
        "M",
        "T"
    ]
}
{
    "Sample_number:": "50",
    "Resoning_Mode:": "skeptical",
    "Context:": [
        "Craig does not spurn Nicole.",
        "Craig is not confused.",
        "Craig regard Nicole.",
        "Craig is not blue.",
        "Craig is not bossy.",
        "Craig is weary.",
        "Craig is pessimistic.",
        "Craig is not clumsy.",
        "Craig is pleasant.",
        "Craig is not relieved.",
        "If someoneA is not relieved and not bossy then he is unusual,unless he is sociable or he is confused.",
        "If someoneA is not clumsy then he is not tiny,unless he is lonely or he is not sociable.",
        "If someoneA is weary and unusual then he is responsible,unless he is not dangerous or he is not arrogant.",
        "If someoneA is responsible and he regard someoneB then he is not lazy ,unless he is not enthusiastic.",
        "If someoneA is pleasant and not blue then he is not delicious,unless he is not enthusiastic or he is not proud.",
        "If someoneA is pleasant then he is lonely ,unless he is not tiny.",
        "If someoneA does not spurn someoneB then he is not sociable ,unless he is not tiny.",
        "If someoneA regard someoneB and someoneA is not tiny then he is not proud ,unless he is not delicious.",
        "If someoneA is unusual and weary then he is not enthusiastic,unless he is not lazy or he is not numerous.",
        "If someoneA is not confused and pessimistic then he is inexpensive ,unless he is cruel."
    ],
    "NL_Origin_Question_Text:": "['Craig is not unusual.', 'Craig is tiny.', 'Craig is responsible.']",
    "Huam_Question_Label_Lists:": [
        "F",
        "M",
        "T"
    ]
}
